,realtime_start,realtime_end,date,value
0,2024-07-25,2024-07-25,1914-12-01,21.0
1,2024-07-25,2024-07-25,1915-01-01,
2,2024-07-25,2024-07-25,1915-02-01,
3,2024-07-25,2024-07-25,1915-03-01,
4,2024-07-25,2024-07-25,1915-04-01,
5,2024-07-25,2024-07-25,1915-05-01,
6,2024-07-25,2024-07-25,1915-06-01,
7,2024-07-25,2024-07-25,1915-07-01,
8,2024-07-25,2024-07-25,1915-08-01,
9,2024-07-25,2024-07-25,1915-09-01,
10,2024-07-25,2024-07-25,1915-10-01,
11,2024-07-25,2024-07-25,1915-11-01,
12,2024-07-25,2024-07-25,1915-12-01,21.2
13,2024-07-25,2024-07-25,1916-01-01,
14,2024-07-25,2024-07-25,1916-02-01,
15,2024-07-25,2024-07-25,1916-03-01,
16,2024-07-25,2024-07-25,1916-04-01,
17,2024-07-25,2024-07-25,1916-05-01,
18,2024-07-25,2024-07-25,1916-06-01,
19,2024-07-25,2024-07-25,1916-07-01,
20,2024-07-25,2024-07-25,1916-08-01,
21,2024-07-25,2024-07-25,1916-09-01,
22,2024-07-25,2024-07-25,1916-10-01,
23,2024-07-25,2024-07-25,1916-11-01,
24,2024-07-25,2024-07-25,1916-12-01,21.4
25,2024-07-25,2024-07-25,1917-01-01,
26,2024-07-25,2024-07-25,1917-02-01,
27,2024-07-25,2024-07-25,1917-03-01,
28,2024-07-25,2024-07-25,1917-04-01,
29,2024-07-25,2024-07-25,1917-05-01,
30,2024-07-25,2024-07-25,1917-06-01,
31,2024-07-25,2024-07-25,1917-07-01,
32,2024-07-25,2024-07-25,1917-08-01,
33,2024-07-25,2024-07-25,1917-09-01,
34,2024-07-25,2024-07-25,1917-10-01,
35,2024-07-25,2024-07-25,1917-11-01,
36,2024-07-25,2024-07-25,1917-12-01,21.0
37,2024-07-25,2024-07-25,1918-01-01,
38,2024-07-25,2024-07-25,1918-02-01,
39,2024-07-25,2024-07-25,1918-03-01,
40,2024-07-25,2024-07-25,1918-04-01,
41,2024-07-25,2024-07-25,1918-05-01,
42,2024-07-25,2024-07-25,1918-06-01,
43,2024-07-25,2024-07-25,1918-07-01,
44,2024-07-25,2024-07-25,1918-08-01,
45,2024-07-25,2024-07-25,1918-09-01,
46,2024-07-25,2024-07-25,1918-10-01,
47,2024-07-25,2024-07-25,1918-11-01,
48,2024-07-25,2024-07-25,1918-12-01,22.0
49,2024-07-25,2024-07-25,1919-01-01,
50,2024-07-25,2024-07-25,1919-02-01,
51,2024-07-25,2024-07-25,1919-03-01,
52,2024-07-25,2024-07-25,1919-04-01,
53,2024-07-25,2024-07-25,1919-05-01,
54,2024-07-25,2024-07-25,1919-06-01,22.9
55,2024-07-25,2024-07-25,1919-07-01,
56,2024-07-25,2024-07-25,1919-08-01,
57,2024-07-25,2024-07-25,1919-09-01,
58,2024-07-25,2024-07-25,1919-10-01,
59,2024-07-25,2024-07-25,1919-11-01,
60,2024-07-25,2024-07-25,1919-12-01,24.9
61,2024-07-25,2024-07-25,1920-01-01,
62,2024-07-25,2024-07-25,1920-02-01,
63,2024-07-25,2024-07-25,1920-03-01,
64,2024-07-25,2024-07-25,1920-04-01,
65,2024-07-25,2024-07-25,1920-05-01,
66,2024-07-25,2024-07-25,1920-06-01,27.0
67,2024-07-25,2024-07-25,1920-07-01,
68,2024-07-25,2024-07-25,1920-08-01,
69,2024-07-25,2024-07-25,1920-09-01,
70,2024-07-25,2024-07-25,1920-10-01,
71,2024-07-25,2024-07-25,1920-11-01,
72,2024-07-25,2024-07-25,1920-12-01,29.8
73,2024-07-25,2024-07-25,1921-01-01,
74,2024-07-25,2024-07-25,1921-02-01,
75,2024-07-25,2024-07-25,1921-03-01,
76,2024-07-25,2024-07-25,1921-04-01,
77,2024-07-25,2024-07-25,1921-05-01,31.6
78,2024-07-25,2024-07-25,1921-06-01,
79,2024-07-25,2024-07-25,1921-07-01,
80,2024-07-25,2024-07-25,1921-08-01,
81,2024-07-25,2024-07-25,1921-09-01,31.8
82,2024-07-25,2024-07-25,1921-10-01,
83,2024-07-25,2024-07-25,1921-11-01,
84,2024-07-25,2024-07-25,1921-12-01,32.3
85,2024-07-25,2024-07-25,1922-01-01,
86,2024-07-25,2024-07-25,1922-02-01,
87,2024-07-25,2024-07-25,1922-03-01,32.2
88,2024-07-25,2024-07-25,1922-04-01,
89,2024-07-25,2024-07-25,1922-05-01,
90,2024-07-25,2024-07-25,1922-06-01,32.4
91,2024-07-25,2024-07-25,1922-07-01,
92,2024-07-25,2024-07-25,1922-08-01,
93,2024-07-25,2024-07-25,1922-09-01,32.4
94,2024-07-25,2024-07-25,1922-10-01,
95,2024-07-25,2024-07-25,1922-11-01,
96,2024-07-25,2024-07-25,1922-12-01,32.6
97,2024-07-25,2024-07-25,1923-01-01,
98,2024-07-25,2024-07-25,1923-02-01,
99,2024-07-25,2024-07-25,1923-03-01,32.8
100,2024-07-25,2024-07-25,1923-04-01,
101,2024-07-25,2024-07-25,1923-05-01,
102,2024-07-25,2024-07-25,1923-06-01,33.2
103,2024-07-25,2024-07-25,1923-07-01,
104,2024-07-25,2024-07-25,1923-08-01,
105,2024-07-25,2024-07-25,1923-09-01,33.5
106,2024-07-25,2024-07-25,1923-10-01,
107,2024-07-25,2024-07-25,1923-11-01,
108,2024-07-25,2024-07-25,1923-12-01,34.0
109,2024-07-25,2024-07-25,1924-01-01,
110,2024-07-25,2024-07-25,1924-02-01,
111,2024-07-25,2024-07-25,1924-03-01,34.1
112,2024-07-25,2024-07-25,1924-04-01,
113,2024-07-25,2024-07-25,1924-05-01,
114,2024-07-25,2024-07-25,1924-06-01,34.5
115,2024-07-25,2024-07-25,1924-07-01,
116,2024-07-25,2024-07-25,1924-08-01,
117,2024-07-25,2024-07-25,1924-09-01,34.6
118,2024-07-25,2024-07-25,1924-10-01,
119,2024-07-25,2024-07-25,1924-11-01,
120,2024-07-25,2024-07-25,1924-12-01,34.6
121,2024-07-25,2024-07-25,1925-01-01,
122,2024-07-25,2024-07-25,1925-02-01,
123,2024-07-25,2024-07-25,1925-03-01,
124,2024-07-25,2024-07-25,1925-04-01,
125,2024-07-25,2024-07-25,1925-05-01,
126,2024-07-25,2024-07-25,1925-06-01,34.6
127,2024-07-25,2024-07-25,1925-07-01,
128,2024-07-25,2024-07-25,1925-08-01,
129,2024-07-25,2024-07-25,1925-09-01,
130,2024-07-25,2024-07-25,1925-10-01,
131,2024-07-25,2024-07-25,1925-11-01,
132,2024-07-25,2024-07-25,1925-12-01,34.5
133,2024-07-25,2024-07-25,1926-01-01,
134,2024-07-25,2024-07-25,1926-02-01,
135,2024-07-25,2024-07-25,1926-03-01,
136,2024-07-25,2024-07-25,1926-04-01,
137,2024-07-25,2024-07-25,1926-05-01,
138,2024-07-25,2024-07-25,1926-06-01,34.2
139,2024-07-25,2024-07-25,1926-07-01,
140,2024-07-25,2024-07-25,1926-08-01,
141,2024-07-25,2024-07-25,1926-09-01,
142,2024-07-25,2024-07-25,1926-10-01,
143,2024-07-25,2024-07-25,1926-11-01,
144,2024-07-25,2024-07-25,1926-12-01,34.0
145,2024-07-25,2024-07-25,1927-01-01,
146,2024-07-25,2024-07-25,1927-02-01,
147,2024-07-25,2024-07-25,1927-03-01,
148,2024-07-25,2024-07-25,1927-04-01,
149,2024-07-25,2024-07-25,1927-05-01,
150,2024-07-25,2024-07-25,1927-06-01,33.7
151,2024-07-25,2024-07-25,1927-07-01,
152,2024-07-25,2024-07-25,1927-08-01,
153,2024-07-25,2024-07-25,1927-09-01,
154,2024-07-25,2024-07-25,1927-10-01,
155,2024-07-25,2024-07-25,1927-11-01,
156,2024-07-25,2024-07-25,1927-12-01,33.3
157,2024-07-25,2024-07-25,1928-01-01,
158,2024-07-25,2024-07-25,1928-02-01,
159,2024-07-25,2024-07-25,1928-03-01,
160,2024-07-25,2024-07-25,1928-04-01,
161,2024-07-25,2024-07-25,1928-05-01,
162,2024-07-25,2024-07-25,1928-06-01,32.9
163,2024-07-25,2024-07-25,1928-07-01,
164,2024-07-25,2024-07-25,1928-08-01,
165,2024-07-25,2024-07-25,1928-09-01,
166,2024-07-25,2024-07-25,1928-10-01,
167,2024-07-25,2024-07-25,1928-11-01,
168,2024-07-25,2024-07-25,1928-12-01,32.5
169,2024-07-25,2024-07-25,1929-01-01,
170,2024-07-25,2024-07-25,1929-02-01,
171,2024-07-25,2024-07-25,1929-03-01,
172,2024-07-25,2024-07-25,1929-04-01,
173,2024-07-25,2024-07-25,1929-05-01,
174,2024-07-25,2024-07-25,1929-06-01,32.1
175,2024-07-25,2024-07-25,1929-07-01,
176,2024-07-25,2024-07-25,1929-08-01,
177,2024-07-25,2024-07-25,1929-09-01,
178,2024-07-25,2024-07-25,1929-10-01,
179,2024-07-25,2024-07-25,1929-11-01,
180,2024-07-25,2024-07-25,1929-12-01,31.8
181,2024-07-25,2024-07-25,1930-01-01,
182,2024-07-25,2024-07-25,1930-02-01,
183,2024-07-25,2024-07-25,1930-03-01,
184,2024-07-25,2024-07-25,1930-04-01,
185,2024-07-25,2024-07-25,1930-05-01,
186,2024-07-25,2024-07-25,1930-06-01,31.3
187,2024-07-25,2024-07-25,1930-07-01,
188,2024-07-25,2024-07-25,1930-08-01,
189,2024-07-25,2024-07-25,1930-09-01,
190,2024-07-25,2024-07-25,1930-10-01,
191,2024-07-25,2024-07-25,1930-11-01,
192,2024-07-25,2024-07-25,1930-12-01,30.7
193,2024-07-25,2024-07-25,1931-01-01,
194,2024-07-25,2024-07-25,1931-02-01,
195,2024-07-25,2024-07-25,1931-03-01,
196,2024-07-25,2024-07-25,1931-04-01,
197,2024-07-25,2024-07-25,1931-05-01,
198,2024-07-25,2024-07-25,1931-06-01,29.7
199,2024-07-25,2024-07-25,1931-07-01,
200,2024-07-25,2024-07-25,1931-08-01,
201,2024-07-25,2024-07-25,1931-09-01,
202,2024-07-25,2024-07-25,1931-10-01,
203,2024-07-25,2024-07-25,1931-11-01,
204,2024-07-25,2024-07-25,1931-12-01,28.6
205,2024-07-25,2024-07-25,1932-01-01,
206,2024-07-25,2024-07-25,1932-02-01,
207,2024-07-25,2024-07-25,1932-03-01,
208,2024-07-25,2024-07-25,1932-04-01,
209,2024-07-25,2024-07-25,1932-05-01,
210,2024-07-25,2024-07-25,1932-06-01,26.7
211,2024-07-25,2024-07-25,1932-07-01,
212,2024-07-25,2024-07-25,1932-08-01,
213,2024-07-25,2024-07-25,1932-09-01,
214,2024-07-25,2024-07-25,1932-10-01,
215,2024-07-25,2024-07-25,1932-11-01,
216,2024-07-25,2024-07-25,1932-12-01,24.7
217,2024-07-25,2024-07-25,1933-01-01,
218,2024-07-25,2024-07-25,1933-02-01,
219,2024-07-25,2024-07-25,1933-03-01,
220,2024-07-25,2024-07-25,1933-04-01,
221,2024-07-25,2024-07-25,1933-05-01,
222,2024-07-25,2024-07-25,1933-06-01,22.7
223,2024-07-25,2024-07-25,1933-07-01,
224,2024-07-25,2024-07-25,1933-08-01,
225,2024-07-25,2024-07-25,1933-09-01,
226,2024-07-25,2024-07-25,1933-10-01,
227,2024-07-25,2024-07-25,1933-11-01,
228,2024-07-25,2024-07-25,1933-12-01,21.8
229,2024-07-25,2024-07-25,1934-01-01,
230,2024-07-25,2024-07-25,1934-02-01,
231,2024-07-25,2024-07-25,1934-03-01,
232,2024-07-25,2024-07-25,1934-04-01,
233,2024-07-25,2024-07-25,1934-05-01,
234,2024-07-25,2024-07-25,1934-06-01,21.3
235,2024-07-25,2024-07-25,1934-07-01,
236,2024-07-25,2024-07-25,1934-08-01,
237,2024-07-25,2024-07-25,1934-09-01,
238,2024-07-25,2024-07-25,1934-10-01,
239,2024-07-25,2024-07-25,1934-11-01,21.3
240,2024-07-25,2024-07-25,1934-12-01,
241,2024-07-25,2024-07-25,1935-01-01,
242,2024-07-25,2024-07-25,1935-02-01,
243,2024-07-25,2024-07-25,1935-03-01,21.3
244,2024-07-25,2024-07-25,1935-04-01,
245,2024-07-25,2024-07-25,1935-05-01,
246,2024-07-25,2024-07-25,1935-06-01,
247,2024-07-25,2024-07-25,1935-07-01,21.4
248,2024-07-25,2024-07-25,1935-08-01,
249,2024-07-25,2024-07-25,1935-09-01,
250,2024-07-25,2024-07-25,1935-10-01,21.5
251,2024-07-25,2024-07-25,1935-11-01,
252,2024-07-25,2024-07-25,1935-12-01,
253,2024-07-25,2024-07-25,1936-01-01,21.6
254,2024-07-25,2024-07-25,1936-02-01,
255,2024-07-25,2024-07-25,1936-03-01,
256,2024-07-25,2024-07-25,1936-04-01,21.7
257,2024-07-25,2024-07-25,1936-05-01,
258,2024-07-25,2024-07-25,1936-06-01,
259,2024-07-25,2024-07-25,1936-07-01,21.9
260,2024-07-25,2024-07-25,1936-08-01,
261,2024-07-25,2024-07-25,1936-09-01,22.0
262,2024-07-25,2024-07-25,1936-10-01,
263,2024-07-25,2024-07-25,1936-11-01,
264,2024-07-25,2024-07-25,1936-12-01,22.3
265,2024-07-25,2024-07-25,1937-01-01,
266,2024-07-25,2024-07-25,1937-02-01,
267,2024-07-25,2024-07-25,1937-03-01,22.4
268,2024-07-25,2024-07-25,1937-04-01,
269,2024-07-25,2024-07-25,1937-05-01,
270,2024-07-25,2024-07-25,1937-06-01,22.9
271,2024-07-25,2024-07-25,1937-07-01,
272,2024-07-25,2024-07-25,1937-08-01,
273,2024-07-25,2024-07-25,1937-09-01,23.2
274,2024-07-25,2024-07-25,1937-10-01,
275,2024-07-25,2024-07-25,1937-11-01,
276,2024-07-25,2024-07-25,1937-12-01,23.5
277,2024-07-25,2024-07-25,1938-01-01,
278,2024-07-25,2024-07-25,1938-02-01,
279,2024-07-25,2024-07-25,1938-03-01,23.6
280,2024-07-25,2024-07-25,1938-04-01,
281,2024-07-25,2024-07-25,1938-05-01,
282,2024-07-25,2024-07-25,1938-06-01,23.7
283,2024-07-25,2024-07-25,1938-07-01,
284,2024-07-25,2024-07-25,1938-08-01,
285,2024-07-25,2024-07-25,1938-09-01,23.7
286,2024-07-25,2024-07-25,1938-10-01,
287,2024-07-25,2024-07-25,1938-11-01,
288,2024-07-25,2024-07-25,1938-12-01,23.7
289,2024-07-25,2024-07-25,1939-01-01,
290,2024-07-25,2024-07-25,1939-02-01,
291,2024-07-25,2024-07-25,1939-03-01,23.7
292,2024-07-25,2024-07-25,1939-04-01,
293,2024-07-25,2024-07-25,1939-05-01,
294,2024-07-25,2024-07-25,1939-06-01,23.7
295,2024-07-25,2024-07-25,1939-07-01,
296,2024-07-25,2024-07-25,1939-08-01,
297,2024-07-25,2024-07-25,1939-09-01,23.7
298,2024-07-25,2024-07-25,1939-10-01,
299,2024-07-25,2024-07-25,1939-11-01,
300,2024-07-25,2024-07-25,1939-12-01,23.7
301,2024-07-25,2024-07-25,1940-01-01,
302,2024-07-25,2024-07-25,1940-02-01,
303,2024-07-25,2024-07-25,1940-03-01,23.7
304,2024-07-25,2024-07-25,1940-04-01,
305,2024-07-25,2024-07-25,1940-05-01,
306,2024-07-25,2024-07-25,1940-06-01,23.7
307,2024-07-25,2024-07-25,1940-07-01,
308,2024-07-25,2024-07-25,1940-08-01,
309,2024-07-25,2024-07-25,1940-09-01,23.8
310,2024-07-25,2024-07-25,1940-10-01,23.8
311,2024-07-25,2024-07-25,1940-11-01,23.8
312,2024-07-25,2024-07-25,1940-12-01,23.8
313,2024-07-25,2024-07-25,1941-01-01,23.8
314,2024-07-25,2024-07-25,1941-02-01,23.9
315,2024-07-25,2024-07-25,1941-03-01,23.9
316,2024-07-25,2024-07-25,1941-04-01,24.0
317,2024-07-25,2024-07-25,1941-05-01,24.0
318,2024-07-25,2024-07-25,1941-06-01,24.0
319,2024-07-25,2024-07-25,1941-07-01,24.1
320,2024-07-25,2024-07-25,1941-08-01,24.2
321,2024-07-25,2024-07-25,1941-09-01,24.3
322,2024-07-25,2024-07-25,1941-10-01,24.5
323,2024-07-25,2024-07-25,1941-11-01,24.5
324,2024-07-25,2024-07-25,1941-12-01,24.6
325,2024-07-25,2024-07-25,1942-01-01,24.7
326,2024-07-25,2024-07-25,1942-02-01,24.7
327,2024-07-25,2024-07-25,1942-03-01,24.8
328,2024-07-25,2024-07-25,1942-04-01,24.8
329,2024-07-25,2024-07-25,1942-05-01,25.0
330,2024-07-25,2024-07-25,1942-06-01,24.7
331,2024-07-25,2024-07-25,1942-07-01,24.6
332,2024-07-25,2024-07-25,1942-08-01,24.6
333,2024-07-25,2024-07-25,1942-09-01,24.6
334,2024-07-25,2024-07-25,1942-10-01,24.6
335,2024-07-25,2024-07-25,1942-11-01,24.6
336,2024-07-25,2024-07-25,1942-12-01,24.6
337,2024-07-25,2024-07-25,1943-01-01,24.6
338,2024-07-25,2024-07-25,1943-02-01,24.7
339,2024-07-25,2024-07-25,1943-03-01,24.7
340,2024-07-25,2024-07-25,1943-04-01,24.7
341,2024-07-25,2024-07-25,1943-05-01,24.7
342,2024-07-25,2024-07-25,1943-06-01,24.7
343,2024-07-25,2024-07-25,1943-07-01,24.7
344,2024-07-25,2024-07-25,1943-08-01,24.7
345,2024-07-25,2024-07-25,1943-09-01,24.7
346,2024-07-25,2024-07-25,1943-10-01,24.7
347,2024-07-25,2024-07-25,1943-11-01,24.7
348,2024-07-25,2024-07-25,1943-12-01,24.7
349,2024-07-25,2024-07-25,1944-01-01,24.7
350,2024-07-25,2024-07-25,1944-02-01,24.7
351,2024-07-25,2024-07-25,1944-03-01,24.7
352,2024-07-25,2024-07-25,1944-04-01,24.7
353,2024-07-25,2024-07-25,1944-05-01,24.7
354,2024-07-25,2024-07-25,1944-06-01,24.7
355,2024-07-25,2024-07-25,1944-07-01,24.8
356,2024-07-25,2024-07-25,1944-08-01,24.8
357,2024-07-25,2024-07-25,1944-09-01,24.8
358,2024-07-25,2024-07-25,1944-10-01,
359,2024-07-25,2024-07-25,1944-11-01,
360,2024-07-25,2024-07-25,1944-12-01,24.8
361,2024-07-25,2024-07-25,1945-01-01,
362,2024-07-25,2024-07-25,1945-02-01,
363,2024-07-25,2024-07-25,1945-03-01,24.8
364,2024-07-25,2024-07-25,1945-04-01,
365,2024-07-25,2024-07-25,1945-05-01,
366,2024-07-25,2024-07-25,1945-06-01,24.8
367,2024-07-25,2024-07-25,1945-07-01,
368,2024-07-25,2024-07-25,1945-08-01,
369,2024-07-25,2024-07-25,1945-09-01,24.8
370,2024-07-25,2024-07-25,1945-10-01,
371,2024-07-25,2024-07-25,1945-11-01,
372,2024-07-25,2024-07-25,1945-12-01,24.9
373,2024-07-25,2024-07-25,1946-01-01,
374,2024-07-25,2024-07-25,1946-02-01,
375,2024-07-25,2024-07-25,1946-03-01,24.9
376,2024-07-25,2024-07-25,1946-04-01,
377,2024-07-25,2024-07-25,1946-05-01,
378,2024-07-25,2024-07-25,1946-06-01,25.0
379,2024-07-25,2024-07-25,1946-07-01,
380,2024-07-25,2024-07-25,1946-08-01,25.0
381,2024-07-25,2024-07-25,1946-09-01,25.0
382,2024-07-25,2024-07-25,1946-10-01,
383,2024-07-25,2024-07-25,1946-11-01,
384,2024-07-25,2024-07-25,1946-12-01,
385,2024-07-25,2024-07-25,1947-01-01,25.1
386,2024-07-25,2024-07-25,1947-02-01,25.2
387,2024-07-25,2024-07-25,1947-03-01,25.2
388,2024-07-25,2024-07-25,1947-04-01,25.3
389,2024-07-25,2024-07-25,1947-05-01,25.3
390,2024-07-25,2024-07-25,1947-06-01,25.3
391,2024-07-25,2024-07-25,1947-07-01,25.5
392,2024-07-25,2024-07-25,1947-08-01,25.8
393,2024-07-25,2024-07-25,1947-09-01,26.4
394,2024-07-25,2024-07-25,1947-10-01,26.7
395,2024-07-25,2024-07-25,1947-11-01,26.8
396,2024-07-25,2024-07-25,1947-12-01,26.9
397,2024-07-25,2024-07-25,1948-01-01,27.0
398,2024-07-25,2024-07-25,1948-02-01,27.1
399,2024-07-25,2024-07-25,1948-03-01,27.1
400,2024-07-25,2024-07-25,1948-04-01,27.2
401,2024-07-25,2024-07-25,1948-05-01,27.3
402,2024-07-25,2024-07-25,1948-06-01,27.4
403,2024-07-25,2024-07-25,1948-07-01,27.5
404,2024-07-25,2024-07-25,1948-08-01,27.6
405,2024-07-25,2024-07-25,1948-09-01,27.8
406,2024-07-25,2024-07-25,1948-10-01,27.9
407,2024-07-25,2024-07-25,1948-11-01,28.0
408,2024-07-25,2024-07-25,1948-12-01,28.1
409,2024-07-25,2024-07-25,1949-01-01,28.2
410,2024-07-25,2024-07-25,1949-02-01,28.3
411,2024-07-25,2024-07-25,1949-03-01,28.4
412,2024-07-25,2024-07-25,1949-04-01,28.5
413,2024-07-25,2024-07-25,1949-05-01,28.6
414,2024-07-25,2024-07-25,1949-06-01,28.6
415,2024-07-25,2024-07-25,1949-07-01,28.7
416,2024-07-25,2024-07-25,1949-08-01,28.8
417,2024-07-25,2024-07-25,1949-09-01,28.9
418,2024-07-25,2024-07-25,1949-10-01,29.0
419,2024-07-25,2024-07-25,1949-11-01,29.1
420,2024-07-25,2024-07-25,1949-12-01,29.2
421,2024-07-25,2024-07-25,1950-01-01,29.4
422,2024-07-25,2024-07-25,1950-02-01,29.4
423,2024-07-25,2024-07-25,1950-03-01,29.5
424,2024-07-25,2024-07-25,1950-04-01,29.5
425,2024-07-25,2024-07-25,1950-05-01,29.7
426,2024-07-25,2024-07-25,1950-06-01,29.7
427,2024-07-25,2024-07-25,1950-07-01,29.8
428,2024-07-25,2024-07-25,1950-08-01,29.9
429,2024-07-25,2024-07-25,1950-09-01,29.9
430,2024-07-25,2024-07-25,1950-10-01,30.0
431,2024-07-25,2024-07-25,1950-11-01,30.1
432,2024-07-25,2024-07-25,1950-12-01,30.2
433,2024-07-25,2024-07-25,1951-01-01,30.2
434,2024-07-25,2024-07-25,1951-02-01,30.4
435,2024-07-25,2024-07-25,1951-03-01,30.6
436,2024-07-25,2024-07-25,1951-04-01,30.7
437,2024-07-25,2024-07-25,1951-05-01,30.8
438,2024-07-25,2024-07-25,1951-06-01,30.8
439,2024-07-25,2024-07-25,1951-07-01,30.9
440,2024-07-25,2024-07-25,1951-08-01,31.0
441,2024-07-25,2024-07-25,1951-09-01,31.2
442,2024-07-25,2024-07-25,1951-10-01,31.4
443,2024-07-25,2024-07-25,1951-11-01,31.5
444,2024-07-25,2024-07-25,1951-12-01,31.6
445,2024-07-25,2024-07-25,1952-01-01,31.7
446,2024-07-25,2024-07-25,1952-02-01,31.9
447,2024-07-25,2024-07-25,1952-03-01,31.9
448,2024-07-25,2024-07-25,1952-04-01,31.9
449,2024-07-25,2024-07-25,1952-05-01,32.1
450,2024-07-25,2024-07-25,1952-06-01,32.1
451,2024-07-25,2024-07-25,1952-07-01,32.2
452,2024-07-25,2024-07-25,1952-08-01,32.3
453,2024-07-25,2024-07-25,1952-09-01,32.3
454,2024-07-25,2024-07-25,1952-10-01,32.5
455,2024-07-25,2024-07-25,1952-11-01,32.7
456,2024-07-25,2024-07-25,1952-12-01,33.0
457,2024-07-25,2024-07-25,1953-01-01,33.1
458,2024-07-25,2024-07-25,1953-02-01,33.2
459,2024-07-25,2024-07-25,1953-03-01,33.2
460,2024-07-25,2024-07-25,1953-04-01,33.4
461,2024-07-25,2024-07-25,1953-05-01,33.6
462,2024-07-25,2024-07-25,1953-06-01,33.7
463,2024-07-25,2024-07-25,1953-07-01,33.8
464,2024-07-25,2024-07-25,1953-08-01,34.2
465,2024-07-25,2024-07-25,1953-09-01,34.4
466,2024-07-25,2024-07-25,1953-10-01,34.6
467,2024-07-25,2024-07-25,1953-11-01,34.8
468,2024-07-25,2024-07-25,1953-12-01,34.9
469,2024-07-25,2024-07-25,1954-01-01,34.9
470,2024-07-25,2024-07-25,1954-02-01,34.9
471,2024-07-25,2024-07-25,1954-03-01,35.0
472,2024-07-25,2024-07-25,1954-04-01,35.0
473,2024-07-25,2024-07-25,1954-05-01,35.1
474,2024-07-25,2024-07-25,1954-06-01,35.1
475,2024-07-25,2024-07-25,1954-07-01,35.1
476,2024-07-25,2024-07-25,1954-08-01,35.1
477,2024-07-25,2024-07-25,1954-09-01,35.2
478,2024-07-25,2024-07-25,1954-10-01,35.3
479,2024-07-25,2024-07-25,1954-11-01,35.3
480,2024-07-25,2024-07-25,1954-12-01,35.4
481,2024-07-25,2024-07-25,1955-01-01,35.4
482,2024-07-25,2024-07-25,1955-02-01,35.4
483,2024-07-25,2024-07-25,1955-03-01,35.5
484,2024-07-25,2024-07-25,1955-04-01,35.5
485,2024-07-25,2024-07-25,1955-05-01,35.6
486,2024-07-25,2024-07-25,1955-06-01,35.6
487,2024-07-25,2024-07-25,1955-07-01,35.6
488,2024-07-25,2024-07-25,1955-08-01,35.7
489,2024-07-25,2024-07-25,1955-09-01,35.7
490,2024-07-25,2024-07-25,1955-10-01,35.7
491,2024-07-25,2024-07-25,1955-11-01,35.8
492,2024-07-25,2024-07-25,1955-12-01,35.8
493,2024-07-25,2024-07-25,1956-01-01,35.9
494,2024-07-25,2024-07-25,1956-02-01,35.9
495,2024-07-25,2024-07-25,1956-03-01,35.9
496,2024-07-25,2024-07-25,1956-04-01,36.0
497,2024-07-25,2024-07-25,1956-05-01,36.1
498,2024-07-25,2024-07-25,1956-06-01,36.2
499,2024-07-25,2024-07-25,1956-07-01,36.4
500,2024-07-25,2024-07-25,1956-08-01,36.4
501,2024-07-25,2024-07-25,1956-09-01,36.5
502,2024-07-25,2024-07-25,1956-10-01,36.5
503,2024-07-25,2024-07-25,1956-11-01,36.6
504,2024-07-25,2024-07-25,1956-12-01,36.7
505,2024-07-25,2024-07-25,1957-01-01,36.7
506,2024-07-25,2024-07-25,1957-02-01,36.7
507,2024-07-25,2024-07-25,1957-03-01,36.7
508,2024-07-25,2024-07-25,1957-04-01,36.8
509,2024-07-25,2024-07-25,1957-05-01,36.8
510,2024-07-25,2024-07-25,1957-06-01,36.9
511,2024-07-25,2024-07-25,1957-07-01,37.0
512,2024-07-25,2024-07-25,1957-08-01,37.0
513,2024-07-25,2024-07-25,1957-09-01,37.1
514,2024-07-25,2024-07-25,1957-10-01,37.2
515,2024-07-25,2024-07-25,1957-11-01,37.3
516,2024-07-25,2024-07-25,1957-12-01,37.3
517,2024-07-25,2024-07-25,1958-01-01,37.4
518,2024-07-25,2024-07-25,1958-02-01,37.4
519,2024-07-25,2024-07-25,1958-03-01,37.5
520,2024-07-25,2024-07-25,1958-04-01,37.6
521,2024-07-25,2024-07-25,1958-05-01,37.6
522,2024-07-25,2024-07-25,1958-06-01,37.6
523,2024-07-25,2024-07-25,1958-07-01,37.6
524,2024-07-25,2024-07-25,1958-08-01,37.7
525,2024-07-25,2024-07-25,1958-09-01,37.8
526,2024-07-25,2024-07-25,1958-10-01,37.8
527,2024-07-25,2024-07-25,1958-11-01,37.8
528,2024-07-25,2024-07-25,1958-12-01,37.9
529,2024-07-25,2024-07-25,1959-01-01,37.9
530,2024-07-25,2024-07-25,1959-02-01,38.0
531,2024-07-25,2024-07-25,1959-03-01,38.0
532,2024-07-25,2024-07-25,1959-04-01,38.1
533,2024-07-25,2024-07-25,1959-05-01,38.1
534,2024-07-25,2024-07-25,1959-06-01,38.1
535,2024-07-25,2024-07-25,1959-07-01,38.1
536,2024-07-25,2024-07-25,1959-08-01,38.2
537,2024-07-25,2024-07-25,1959-09-01,38.3
538,2024-07-25,2024-07-25,1959-10-01,38.4
539,2024-07-25,2024-07-25,1959-11-01,38.4
540,2024-07-25,2024-07-25,1959-12-01,38.5
541,2024-07-25,2024-07-25,1960-01-01,38.5
542,2024-07-25,2024-07-25,1960-02-01,38.5
543,2024-07-25,2024-07-25,1960-03-01,38.6
544,2024-07-25,2024-07-25,1960-04-01,38.7
545,2024-07-25,2024-07-25,1960-05-01,38.7
546,2024-07-25,2024-07-25,1960-06-01,38.7
547,2024-07-25,2024-07-25,1960-07-01,38.7
548,2024-07-25,2024-07-25,1960-08-01,38.8
549,2024-07-25,2024-07-25,1960-09-01,38.8
550,2024-07-25,2024-07-25,1960-10-01,38.9
551,2024-07-25,2024-07-25,1960-11-01,39.0
552,2024-07-25,2024-07-25,1960-12-01,39.0
553,2024-07-25,2024-07-25,1961-01-01,39.0
554,2024-07-25,2024-07-25,1961-02-01,39.1
555,2024-07-25,2024-07-25,1961-03-01,39.1
556,2024-07-25,2024-07-25,1961-04-01,39.2
557,2024-07-25,2024-07-25,1961-05-01,39.2
558,2024-07-25,2024-07-25,1961-06-01,39.2
559,2024-07-25,2024-07-25,1961-07-01,39.2
560,2024-07-25,2024-07-25,1961-08-01,39.2
561,2024-07-25,2024-07-25,1961-09-01,39.3
562,2024-07-25,2024-07-25,1961-10-01,39.4
563,2024-07-25,2024-07-25,1961-11-01,39.4
564,2024-07-25,2024-07-25,1961-12-01,39.5
565,2024-07-25,2024-07-25,1962-01-01,39.5
566,2024-07-25,2024-07-25,1962-02-01,39.5
567,2024-07-25,2024-07-25,1962-03-01,39.6
568,2024-07-25,2024-07-25,1962-04-01,39.6
569,2024-07-25,2024-07-25,1962-05-01,39.7
570,2024-07-25,2024-07-25,1962-06-01,39.7
571,2024-07-25,2024-07-25,1962-07-01,39.7
572,2024-07-25,2024-07-25,1962-08-01,39.8
573,2024-07-25,2024-07-25,1962-09-01,39.8
574,2024-07-25,2024-07-25,1962-10-01,39.9
575,2024-07-25,2024-07-25,1962-11-01,39.9
576,2024-07-25,2024-07-25,1962-12-01,39.9
577,2024-07-25,2024-07-25,1963-01-01,40.0
578,2024-07-25,2024-07-25,1963-02-01,40.0
579,2024-07-25,2024-07-25,1963-03-01,40.0
580,2024-07-25,2024-07-25,1963-04-01,40.0
581,2024-07-25,2024-07-25,1963-05-01,40.0
582,2024-07-25,2024-07-25,1963-06-01,40.1
583,2024-07-25,2024-07-25,1963-07-01,40.1
584,2024-07-25,2024-07-25,1963-08-01,40.1
585,2024-07-25,2024-07-25,1963-09-01,40.2
586,2024-07-25,2024-07-25,1963-10-01,40.3
587,2024-07-25,2024-07-25,1963-11-01,40.3
588,2024-07-25,2024-07-25,1963-12-01,40.3
589,2024-07-25,2024-07-25,1964-01-01,40.3
590,2024-07-25,2024-07-25,1964-02-01,40.4
591,2024-07-25,2024-07-25,1964-03-01,40.4
592,2024-07-25,2024-07-25,1964-04-01,40.5
593,2024-07-25,2024-07-25,1964-05-01,40.5
594,2024-07-25,2024-07-25,1964-06-01,40.5
595,2024-07-25,2024-07-25,1964-07-01,40.5
596,2024-07-25,2024-07-25,1964-08-01,40.6
597,2024-07-25,2024-07-25,1964-09-01,40.6
598,2024-07-25,2024-07-25,1964-10-01,40.7
599,2024-07-25,2024-07-25,1964-11-01,40.7
600,2024-07-25,2024-07-25,1964-12-01,40.7
601,2024-07-25,2024-07-25,1965-01-01,40.7
602,2024-07-25,2024-07-25,1965-02-01,40.8
603,2024-07-25,2024-07-25,1965-03-01,40.8
604,2024-07-25,2024-07-25,1965-04-01,40.9
605,2024-07-25,2024-07-25,1965-05-01,40.9
606,2024-07-25,2024-07-25,1965-06-01,40.9
607,2024-07-25,2024-07-25,1965-07-01,40.9
608,2024-07-25,2024-07-25,1965-08-01,41.0
609,2024-07-25,2024-07-25,1965-09-01,41.0
610,2024-07-25,2024-07-25,1965-10-01,41.1
611,2024-07-25,2024-07-25,1965-11-01,41.1
612,2024-07-25,2024-07-25,1965-12-01,41.1
613,2024-07-25,2024-07-25,1966-01-01,41.2
614,2024-07-25,2024-07-25,1966-02-01,41.3
615,2024-07-25,2024-07-25,1966-03-01,41.3
616,2024-07-25,2024-07-25,1966-04-01,41.4
617,2024-07-25,2024-07-25,1966-05-01,41.4
618,2024-07-25,2024-07-25,1966-06-01,41.4
619,2024-07-25,2024-07-25,1966-07-01,41.4
620,2024-07-25,2024-07-25,1966-08-01,41.6
621,2024-07-25,2024-07-25,1966-09-01,41.6
622,2024-07-25,2024-07-25,1966-10-01,41.7
623,2024-07-25,2024-07-25,1966-11-01,41.8
624,2024-07-25,2024-07-25,1966-12-01,41.8
625,2024-07-25,2024-07-25,1967-01-01,41.9
626,2024-07-25,2024-07-25,1967-02-01,42.0
627,2024-07-25,2024-07-25,1967-03-01,42.0
628,2024-07-25,2024-07-25,1967-04-01,42.1
629,2024-07-25,2024-07-25,1967-05-01,42.1
630,2024-07-25,2024-07-25,1967-06-01,42.2
631,2024-07-25,2024-07-25,1967-07-01,42.2
632,2024-07-25,2024-07-25,1967-08-01,42.3
633,2024-07-25,2024-07-25,1967-09-01,42.4
634,2024-07-25,2024-07-25,1967-10-01,42.5
635,2024-07-25,2024-07-25,1967-11-01,42.5
636,2024-07-25,2024-07-25,1967-12-01,42.7
637,2024-07-25,2024-07-25,1968-01-01,42.7
638,2024-07-25,2024-07-25,1968-02-01,42.8
639,2024-07-25,2024-07-25,1968-03-01,42.9
640,2024-07-25,2024-07-25,1968-04-01,43.0
641,2024-07-25,2024-07-25,1968-05-01,43.1
642,2024-07-25,2024-07-25,1968-06-01,43.2
643,2024-07-25,2024-07-25,1968-07-01,43.3
644,2024-07-25,2024-07-25,1968-08-01,43.4
645,2024-07-25,2024-07-25,1968-09-01,43.5
646,2024-07-25,2024-07-25,1968-10-01,43.6
647,2024-07-25,2024-07-25,1968-11-01,43.7
648,2024-07-25,2024-07-25,1968-12-01,43.8
649,2024-07-25,2024-07-25,1969-01-01,43.9
650,2024-07-25,2024-07-25,1969-02-01,44.1
651,2024-07-25,2024-07-25,1969-03-01,44.1
652,2024-07-25,2024-07-25,1969-04-01,44.3
653,2024-07-25,2024-07-25,1969-05-01,44.4
654,2024-07-25,2024-07-25,1969-06-01,44.5
655,2024-07-25,2024-07-25,1969-07-01,44.7
656,2024-07-25,2024-07-25,1969-08-01,44.8
657,2024-07-25,2024-07-25,1969-09-01,45.0
658,2024-07-25,2024-07-25,1969-10-01,45.2
659,2024-07-25,2024-07-25,1969-11-01,45.3
660,2024-07-25,2024-07-25,1969-12-01,45.5
661,2024-07-25,2024-07-25,1970-01-01,45.6
662,2024-07-25,2024-07-25,1970-02-01,45.8
663,2024-07-25,2024-07-25,1970-03-01,46.0
664,2024-07-25,2024-07-25,1970-04-01,46.1
665,2024-07-25,2024-07-25,1970-05-01,46.2
666,2024-07-25,2024-07-25,1970-06-01,46.4
667,2024-07-25,2024-07-25,1970-07-01,46.5
668,2024-07-25,2024-07-25,1970-08-01,46.7
669,2024-07-25,2024-07-25,1970-09-01,46.8
670,2024-07-25,2024-07-25,1970-10-01,47.1
671,2024-07-25,2024-07-25,1970-11-01,47.2
672,2024-07-25,2024-07-25,1970-12-01,47.6
673,2024-07-25,2024-07-25,1971-01-01,47.7
674,2024-07-25,2024-07-25,1971-02-01,48.0
675,2024-07-25,2024-07-25,1971-03-01,48.1
676,2024-07-25,2024-07-25,1971-04-01,48.3
677,2024-07-25,2024-07-25,1971-05-01,48.5
678,2024-07-25,2024-07-25,1971-06-01,48.7
679,2024-07-25,2024-07-25,1971-07-01,48.7
680,2024-07-25,2024-07-25,1971-08-01,48.9
681,2024-07-25,2024-07-25,1971-09-01,49.0
682,2024-07-25,2024-07-25,1971-10-01,49.2
683,2024-07-25,2024-07-25,1971-11-01,49.3
684,2024-07-25,2024-07-25,1971-12-01,49.4
685,2024-07-25,2024-07-25,1972-01-01,49.6
686,2024-07-25,2024-07-25,1972-02-01,49.8
687,2024-07-25,2024-07-25,1972-03-01,49.8
688,2024-07-25,2024-07-25,1972-04-01,50.0
689,2024-07-25,2024-07-25,1972-05-01,50.1
690,2024-07-25,2024-07-25,1972-06-01,50.3
691,2024-07-25,2024-07-25,1972-07-01,50.4
692,2024-07-25,2024-07-25,1972-08-01,50.5
693,2024-07-25,2024-07-25,1972-09-01,50.6
694,2024-07-25,2024-07-25,1972-10-01,50.8
695,2024-07-25,2024-07-25,1972-11-01,50.9
696,2024-07-25,2024-07-25,1972-12-01,51.1
697,2024-07-25,2024-07-25,1973-01-01,51.5
698,2024-07-25,2024-07-25,1973-02-01,51.7
699,2024-07-25,2024-07-25,1973-03-01,51.9
700,2024-07-25,2024-07-25,1973-04-01,52.0
701,2024-07-25,2024-07-25,1973-05-01,52.3
702,2024-07-25,2024-07-25,1973-06-01,52.4
703,2024-07-25,2024-07-25,1973-07-01,52.5
704,2024-07-25,2024-07-25,1973-08-01,52.8
705,2024-07-25,2024-07-25,1973-09-01,53.0
706,2024-07-25,2024-07-25,1973-10-01,53.2
707,2024-07-25,2024-07-25,1973-11-01,53.4
708,2024-07-25,2024-07-25,1973-12-01,53.6
709,2024-07-25,2024-07-25,1974-01-01,53.9
710,2024-07-25,2024-07-25,1974-02-01,54.2
711,2024-07-25,2024-07-25,1974-03-01,54.4
712,2024-07-25,2024-07-25,1974-04-01,54.6
713,2024-07-25,2024-07-25,1974-05-01,54.7
714,2024-07-25,2024-07-25,1974-06-01,55.0
715,2024-07-25,2024-07-25,1974-07-01,55.2
716,2024-07-25,2024-07-25,1974-08-01,55.4
717,2024-07-25,2024-07-25,1974-09-01,55.7
718,2024-07-25,2024-07-25,1974-10-01,56.0
719,2024-07-25,2024-07-25,1974-11-01,56.2
720,2024-07-25,2024-07-25,1974-12-01,56.5
721,2024-07-25,2024-07-25,1975-01-01,56.8
722,2024-07-25,2024-07-25,1975-02-01,57.1
723,2024-07-25,2024-07-25,1975-03-01,57.2
724,2024-07-25,2024-07-25,1975-04-01,57.4
725,2024-07-25,2024-07-25,1975-05-01,57.6
726,2024-07-25,2024-07-25,1975-06-01,57.8
727,2024-07-25,2024-07-25,1975-07-01,58.0
728,2024-07-25,2024-07-25,1975-08-01,58.3
729,2024-07-25,2024-07-25,1975-09-01,58.5
730,2024-07-25,2024-07-25,1975-10-01,58.8
731,2024-07-25,2024-07-25,1975-11-01,59.1
732,2024-07-25,2024-07-25,1975-12-01,59.4
733,2024-07-25,2024-07-25,1976-01-01,59.6
734,2024-07-25,2024-07-25,1976-02-01,60.0
735,2024-07-25,2024-07-25,1976-03-01,60.3
736,2024-07-25,2024-07-25,1976-04-01,60.5
737,2024-07-25,2024-07-25,1976-05-01,60.7
738,2024-07-25,2024-07-25,1976-06-01,61.0
739,2024-07-25,2024-07-25,1976-07-01,61.3
740,2024-07-25,2024-07-25,1976-08-01,61.5
741,2024-07-25,2024-07-25,1976-09-01,61.8
742,2024-07-25,2024-07-25,1976-10-01,62.1
743,2024-07-25,2024-07-25,1976-11-01,62.3
744,2024-07-25,2024-07-25,1976-12-01,62.6
745,2024-07-25,2024-07-25,1977-01-01,63.2
746,2024-07-25,2024-07-25,1977-02-01,63.4
747,2024-07-25,2024-07-25,1977-03-01,63.7
748,2024-07-25,2024-07-25,1977-04-01,64.0
749,2024-07-25,2024-07-25,1977-05-01,64.3
750,2024-07-25,2024-07-25,1977-06-01,64.6
751,2024-07-25,2024-07-25,1977-07-01,64.9
752,2024-07-25,2024-07-25,1977-08-01,65.2
753,2024-07-25,2024-07-25,1977-09-01,65.6
754,2024-07-25,2024-07-25,1977-10-01,65.9
755,2024-07-25,2024-07-25,1977-11-01,66.3
756,2024-07-25,2024-07-25,1977-12-01,66.7
757,2024-07-25,2024-07-25,1978-01-01,67.1
758,2024-07-25,2024-07-25,1978-02-01,67.5
759,2024-07-25,2024-07-25,1978-03-01,67.8
760,2024-07-25,2024-07-25,1978-04-01,68.2
761,2024-07-25,2024-07-25,1978-05-01,68.7
762,2024-07-25,2024-07-25,1978-06-01,69.1
763,2024-07-25,2024-07-25,1978-07-01,69.4
764,2024-07-25,2024-07-25,1978-08-01,69.7
765,2024-07-25,2024-07-25,1978-09-01,70.3
766,2024-07-25,2024-07-25,1978-10-01,70.7
767,2024-07-25,2024-07-25,1978-11-01,71.2
768,2024-07-25,2024-07-25,1978-12-01,71.6
769,2024-07-25,2024-07-25,1979-01-01,71.9
770,2024-07-25,2024-07-25,1979-02-01,72.2
771,2024-07-25,2024-07-25,1979-03-01,72.4
772,2024-07-25,2024-07-25,1979-04-01,72.7
773,2024-07-25,2024-07-25,1979-05-01,73.4
774,2024-07-25,2024-07-25,1979-06-01,73.8
775,2024-07-25,2024-07-25,1979-07-01,74.3
776,2024-07-25,2024-07-25,1979-08-01,75.0
777,2024-07-25,2024-07-25,1979-09-01,75.6
778,2024-07-25,2024-07-25,1979-10-01,76.6
779,2024-07-25,2024-07-25,1979-11-01,76.9
780,2024-07-25,2024-07-25,1979-12-01,77.3
781,2024-07-25,2024-07-25,1980-01-01,77.8
782,2024-07-25,2024-07-25,1980-02-01,78.4
783,2024-07-25,2024-07-25,1980-03-01,78.8
784,2024-07-25,2024-07-25,1980-04-01,79.0
785,2024-07-25,2024-07-25,1980-05-01,79.8
786,2024-07-25,2024-07-25,1980-06-01,80.7
787,2024-07-25,2024-07-25,1980-07-01,81.1
788,2024-07-25,2024-07-25,1980-08-01,81.6
789,2024-07-25,2024-07-25,1980-09-01,82.4
790,2024-07-25,2024-07-25,1980-10-01,83.3
791,2024-07-25,2024-07-25,1980-11-01,83.8
792,2024-07-25,2024-07-25,1980-12-01,84.3
793,2024-07-25,2024-07-25,1981-01-01,84.9
794,2024-07-25,2024-07-25,1981-02-01,85.3
795,2024-07-25,2024-07-25,1981-03-01,85.8
796,2024-07-25,2024-07-25,1981-04-01,86.3
797,2024-07-25,2024-07-25,1981-05-01,87.0
798,2024-07-25,2024-07-25,1981-06-01,87.4
799,2024-07-25,2024-07-25,1981-07-01,87.8
800,2024-07-25,2024-07-25,1981-08-01,88.8
801,2024-07-25,2024-07-25,1981-09-01,89.5
802,2024-07-25,2024-07-25,1981-10-01,90.2
803,2024-07-25,2024-07-25,1981-11-01,90.8
804,2024-07-25,2024-07-25,1981-12-01,91.5
805,2024-07-25,2024-07-25,1982-01-01,92.0
806,2024-07-25,2024-07-25,1982-02-01,92.3
807,2024-07-25,2024-07-25,1982-03-01,92.8
808,2024-07-25,2024-07-25,1982-04-01,93.0
809,2024-07-25,2024-07-25,1982-05-01,93.7
810,2024-07-25,2024-07-25,1982-06-01,94.0
811,2024-07-25,2024-07-25,1982-07-01,95.0
812,2024-07-25,2024-07-25,1982-08-01,95.5
813,2024-07-25,2024-07-25,1982-09-01,95.8
814,2024-07-25,2024-07-25,1982-10-01,96.7
815,2024-07-25,2024-07-25,1982-11-01,97.2
816,2024-07-25,2024-07-25,1982-12-01,97.5
817,2024-07-25,2024-07-25,1983-01-01,98.1
818,2024-07-25,2024-07-25,1983-02-01,98.5
819,2024-07-25,2024-07-25,1983-03-01,98.7
820,2024-07-25,2024-07-25,1983-04-01,99.1
821,2024-07-25,2024-07-25,1983-05-01,99.3
822,2024-07-25,2024-07-25,1983-06-01,99.7
823,2024-07-25,2024-07-25,1983-07-01,100.2
824,2024-07-25,2024-07-25,1983-08-01,100.6
825,2024-07-25,2024-07-25,1983-09-01,101.2
826,2024-07-25,2024-07-25,1983-10-01,101.6
827,2024-07-25,2024-07-25,1983-11-01,101.9
828,2024-07-25,2024-07-25,1983-12-01,102.2
829,2024-07-25,2024-07-25,1984-01-01,102.6
830,2024-07-25,2024-07-25,1984-02-01,102.9
831,2024-07-25,2024-07-25,1984-03-01,103.4
832,2024-07-25,2024-07-25,1984-04-01,104.1
833,2024-07-25,2024-07-25,1984-05-01,104.4
834,2024-07-25,2024-07-25,1984-06-01,104.9
835,2024-07-25,2024-07-25,1984-07-01,105.5
836,2024-07-25,2024-07-25,1984-08-01,106.1
837,2024-07-25,2024-07-25,1984-09-01,106.6
838,2024-07-25,2024-07-25,1984-10-01,107.2
839,2024-07-25,2024-07-25,1984-11-01,107.6
840,2024-07-25,2024-07-25,1984-12-01,108.2
841,2024-07-25,2024-07-25,1985-01-01,108.6
842,2024-07-25,2024-07-25,1985-02-01,109.2
843,2024-07-25,2024-07-25,1985-03-01,109.5
844,2024-07-25,2024-07-25,1985-04-01,110.0
845,2024-07-25,2024-07-25,1985-05-01,110.9
846,2024-07-25,2024-07-25,1985-06-01,111.4
847,2024-07-25,2024-07-25,1985-07-01,111.9
848,2024-07-25,2024-07-25,1985-08-01,112.6
849,2024-07-25,2024-07-25,1985-09-01,113.1
850,2024-07-25,2024-07-25,1985-10-01,114.0
851,2024-07-25,2024-07-25,1985-11-01,114.8
852,2024-07-25,2024-07-25,1985-12-01,115.1
853,2024-07-25,2024-07-25,1986-01-01,115.5
854,2024-07-25,2024-07-25,1986-02-01,115.6
855,2024-07-25,2024-07-25,1986-03-01,116.2
856,2024-07-25,2024-07-25,1986-04-01,117.4
857,2024-07-25,2024-07-25,1986-05-01,117.6
858,2024-07-25,2024-07-25,1986-06-01,118.0
859,2024-07-25,2024-07-25,1986-07-01,118.8
860,2024-07-25,2024-07-25,1986-08-01,119.0
861,2024-07-25,2024-07-25,1986-09-01,119.6
862,2024-07-25,2024-07-25,1986-10-01,120.2
863,2024-07-25,2024-07-25,1986-11-01,120.6
864,2024-07-25,2024-07-25,1986-12-01,120.8
865,2024-07-25,2024-07-25,1987-01-01,121.3
866,2024-07-25,2024-07-25,1987-02-01,121.7
867,2024-07-25,2024-07-25,1987-03-01,121.8
868,2024-07-25,2024-07-25,1987-04-01,122.0
869,2024-07-25,2024-07-25,1987-05-01,122.3
870,2024-07-25,2024-07-25,1987-06-01,122.3
871,2024-07-25,2024-07-25,1987-07-01,123.0
872,2024-07-25,2024-07-25,1987-08-01,123.8
873,2024-07-25,2024-07-25,1987-09-01,124.4
874,2024-07-25,2024-07-25,1987-10-01,124.8
875,2024-07-25,2024-07-25,1987-11-01,124.8
876,2024-07-25,2024-07-25,1987-12-01,125.6
877,2024-07-25,2024-07-25,1988-01-01,126.0
878,2024-07-25,2024-07-25,1988-02-01,126.3
879,2024-07-25,2024-07-25,1988-03-01,126.4
880,2024-07-25,2024-07-25,1988-04-01,126.6
881,2024-07-25,2024-07-25,1988-05-01,126.9
882,2024-07-25,2024-07-25,1988-06-01,127.3
883,2024-07-25,2024-07-25,1988-07-01,127.8
884,2024-07-25,2024-07-25,1988-08-01,128.4
885,2024-07-25,2024-07-25,1988-09-01,129.1
886,2024-07-25,2024-07-25,1988-10-01,129.4
887,2024-07-25,2024-07-25,1988-11-01,129.8
888,2024-07-25,2024-07-25,1988-12-01,130.1
889,2024-07-25,2024-07-25,1989-01-01,130.5
890,2024-07-25,2024-07-25,1989-02-01,130.9
891,2024-07-25,2024-07-25,1989-03-01,131.1
892,2024-07-25,2024-07-25,1989-04-01,131.4
893,2024-07-25,2024-07-25,1989-05-01,131.7
894,2024-07-25,2024-07-25,1989-06-01,132.3
895,2024-07-25,2024-07-25,1989-07-01,133.0
896,2024-07-25,2024-07-25,1989-08-01,133.5
897,2024-07-25,2024-07-25,1989-09-01,133.9
898,2024-07-25,2024-07-25,1989-10-01,134.7
899,2024-07-25,2024-07-25,1989-11-01,135.2
900,2024-07-25,2024-07-25,1989-12-01,135.5
901,2024-07-25,2024-07-25,1990-01-01,135.8
902,2024-07-25,2024-07-25,1990-02-01,136.0
903,2024-07-25,2024-07-25,1990-03-01,136.5
904,2024-07-25,2024-07-25,1990-04-01,137.0
905,2024-07-25,2024-07-25,1990-05-01,137.3
906,2024-07-25,2024-07-25,1990-06-01,137.9
907,2024-07-25,2024-07-25,1990-07-01,138.7
908,2024-07-25,2024-07-25,1990-08-01,139.4
909,2024-07-25,2024-07-25,1990-09-01,140.0
910,2024-07-25,2024-07-25,1990-10-01,140.5
911,2024-07-25,2024-07-25,1990-11-01,140.7
912,2024-07-25,2024-07-25,1990-12-01,141.1
913,2024-07-25,2024-07-25,1991-01-01,141.2
914,2024-07-25,2024-07-25,1991-02-01,141.5
915,2024-07-25,2024-07-25,1991-03-01,142.0
916,2024-07-25,2024-07-25,1991-04-01,142.5
917,2024-07-25,2024-07-25,1991-05-01,142.8
918,2024-07-25,2024-07-25,1991-06-01,143.0
919,2024-07-25,2024-07-25,1991-07-01,143.7
920,2024-07-25,2024-07-25,1991-08-01,143.7
921,2024-07-25,2024-07-25,1991-09-01,144.6
922,2024-07-25,2024-07-25,1991-10-01,144.6
923,2024-07-25,2024-07-25,1991-11-01,145.0
924,2024-07-25,2024-07-25,1991-12-01,145.2
925,2024-07-25,2024-07-25,1992-01-01,145.4
926,2024-07-25,2024-07-25,1992-02-01,145.6
927,2024-07-25,2024-07-25,1992-03-01,146.4
928,2024-07-25,2024-07-25,1992-04-01,146.2
929,2024-07-25,2024-07-25,1992-05-01,146.3
930,2024-07-25,2024-07-25,1992-06-01,146.6
931,2024-07-25,2024-07-25,1992-07-01,147.0
932,2024-07-25,2024-07-25,1992-08-01,147.0
933,2024-07-25,2024-07-25,1992-09-01,147.2
934,2024-07-25,2024-07-25,1992-10-01,148.0
935,2024-07-25,2024-07-25,1992-11-01,148.6
936,2024-07-25,2024-07-25,1992-12-01,148.6
937,2024-07-25,2024-07-25,1993-01-01,148.9
938,2024-07-25,2024-07-25,1993-02-01,149.1
939,2024-07-25,2024-07-25,1993-03-01,149.1
940,2024-07-25,2024-07-25,1993-04-01,149.7
941,2024-07-25,2024-07-25,1993-05-01,149.9
942,2024-07-25,2024-07-25,1993-06-01,150.3
943,2024-07-25,2024-07-25,1993-07-01,150.4
944,2024-07-25,2024-07-25,1993-08-01,150.8
945,2024-07-25,2024-07-25,1993-09-01,151.0
946,2024-07-25,2024-07-25,1993-10-01,151.4
947,2024-07-25,2024-07-25,1993-11-01,151.6
948,2024-07-25,2024-07-25,1993-12-01,151.9
949,2024-07-25,2024-07-25,1994-01-01,152.2
950,2024-07-25,2024-07-25,1994-02-01,152.8
951,2024-07-25,2024-07-25,1994-03-01,153.2
952,2024-07-25,2024-07-25,1994-04-01,153.3
953,2024-07-25,2024-07-25,1994-05-01,153.3
954,2024-07-25,2024-07-25,1994-06-01,153.4
955,2024-07-25,2024-07-25,1994-07-01,153.9
956,2024-07-25,2024-07-25,1994-08-01,154.5
957,2024-07-25,2024-07-25,1994-09-01,155.0
958,2024-07-25,2024-07-25,1994-10-01,155.2
959,2024-07-25,2024-07-25,1994-11-01,155.6
960,2024-07-25,2024-07-25,1994-12-01,155.7
961,2024-07-25,2024-07-25,1995-01-01,156.1
962,2024-07-25,2024-07-25,1995-02-01,156.4
963,2024-07-25,2024-07-25,1995-03-01,156.7
964,2024-07-25,2024-07-25,1995-04-01,157.0
965,2024-07-25,2024-07-25,1995-05-01,157.2
966,2024-07-25,2024-07-25,1995-06-01,157.5
967,2024-07-25,2024-07-25,1995-07-01,157.9
968,2024-07-25,2024-07-25,1995-08-01,158.2
969,2024-07-25,2024-07-25,1995-09-01,158.5
970,2024-07-25,2024-07-25,1995-10-01,158.9
971,2024-07-25,2024-07-25,1995-11-01,159.3
972,2024-07-25,2024-07-25,1995-12-01,159.6
973,2024-07-25,2024-07-25,1996-01-01,160.0
974,2024-07-25,2024-07-25,1996-02-01,160.4
975,2024-07-25,2024-07-25,1996-03-01,160.6
976,2024-07-25,2024-07-25,1996-04-01,160.9
977,2024-07-25,2024-07-25,1996-05-01,161.2
978,2024-07-25,2024-07-25,1996-06-01,161.7
979,2024-07-25,2024-07-25,1996-07-01,162.2
980,2024-07-25,2024-07-25,1996-08-01,162.5
981,2024-07-25,2024-07-25,1996-09-01,162.9
982,2024-07-25,2024-07-25,1996-10-01,163.3
983,2024-07-25,2024-07-25,1996-11-01,163.7
984,2024-07-25,2024-07-25,1996-12-01,164.0
985,2024-07-25,2024-07-25,1997-01-01,164.4
986,2024-07-25,2024-07-25,1997-02-01,164.8
987,2024-07-25,2024-07-25,1997-03-01,165.1
988,2024-07-25,2024-07-25,1997-04-01,165.5
989,2024-07-25,2024-07-25,1997-05-01,165.9
990,2024-07-25,2024-07-25,1997-06-01,166.4
991,2024-07-25,2024-07-25,1997-07-01,166.8
992,2024-07-25,2024-07-25,1997-08-01,167.3
993,2024-07-25,2024-07-25,1997-09-01,167.8
994,2024-07-25,2024-07-25,1997-10-01,168.2
995,2024-07-25,2024-07-25,1997-11-01,168.7
996,2024-07-25,2024-07-25,1997-12-01,169.1
997,2024-07-25,2024-07-25,1998-01-01,169.5
998,2024-07-25,2024-07-25,1998-02-01,169.9
999,2024-07-25,2024-07-25,1998-03-01,170.3
1000,2024-07-25,2024-07-25,1998-04-01,170.7
1001,2024-07-25,2024-07-25,1998-05-01,171.1
1002,2024-07-25,2024-07-25,1998-06-01,171.7
1003,2024-07-25,2024-07-25,1998-07-01,172.2
1004,2024-07-25,2024-07-25,1998-08-01,172.8
1005,2024-07-25,2024-07-25,1998-09-01,173.4
1006,2024-07-25,2024-07-25,1998-10-01,173.9
1007,2024-07-25,2024-07-25,1998-11-01,174.5
1008,2024-07-25,2024-07-25,1998-12-01,174.9
1009,2024-07-25,2024-07-25,1999-01-01,175.3
1010,2024-07-25,2024-07-25,1999-02-01,175.6
1011,2024-07-25,2024-07-25,1999-03-01,176.0
1012,2024-07-25,2024-07-25,1999-04-01,176.4
1013,2024-07-25,2024-07-25,1999-05-01,176.7
1014,2024-07-25,2024-07-25,1999-06-01,177.1
1015,2024-07-25,2024-07-25,1999-07-01,177.5
1016,2024-07-25,2024-07-25,1999-08-01,177.9
1017,2024-07-25,2024-07-25,1999-09-01,178.4
1018,2024-07-25,2024-07-25,1999-10-01,178.8
1019,2024-07-25,2024-07-25,1999-11-01,179.8
1020,2024-07-25,2024-07-25,1999-12-01,180.3
1021,2024-07-25,2024-07-25,2000-01-01,181.1
1022,2024-07-25,2024-07-25,2000-02-01,181.5
1023,2024-07-25,2024-07-25,2000-03-01,182.0
1024,2024-07-25,2024-07-25,2000-04-01,182.3
1025,2024-07-25,2024-07-25,2000-05-01,182.7
1026,2024-07-25,2024-07-25,2000-06-01,183.2
1027,2024-07-25,2024-07-25,2000-07-01,183.9
1028,2024-07-25,2024-07-25,2000-08-01,184.6
1029,2024-07-25,2024-07-25,2000-09-01,185.3
1030,2024-07-25,2024-07-25,2000-10-01,186.1
1031,2024-07-25,2024-07-25,2000-11-01,186.8
1032,2024-07-25,2024-07-25,2000-12-01,187.6
1033,2024-07-25,2024-07-25,2001-01-01,188.2
1034,2024-07-25,2024-07-25,2001-02-01,188.9
1035,2024-07-25,2024-07-25,2001-03-01,189.6
1036,2024-07-25,2024-07-25,2001-04-01,190.2
1037,2024-07-25,2024-07-25,2001-05-01,191.0
1038,2024-07-25,2024-07-25,2001-06-01,191.6
1039,2024-07-25,2024-07-25,2001-07-01,192.3
1040,2024-07-25,2024-07-25,2001-08-01,193.1
1041,2024-07-25,2024-07-25,2001-09-01,193.9
1042,2024-07-25,2024-07-25,2001-10-01,194.7
1043,2024-07-25,2024-07-25,2001-11-01,195.5
1044,2024-07-25,2024-07-25,2001-12-01,196.4
1045,2024-07-25,2024-07-25,2002-01-01,197.0
1046,2024-07-25,2024-07-25,2002-02-01,197.7
1047,2024-07-25,2024-07-25,2002-03-01,198.2
1048,2024-07-25,2024-07-25,2002-04-01,198.5
1049,2024-07-25,2024-07-25,2002-05-01,198.8
1050,2024-07-25,2024-07-25,2002-06-01,199.3
1051,2024-07-25,2024-07-25,2002-07-01,199.8
1052,2024-07-25,2024-07-25,2002-08-01,200.2
1053,2024-07-25,2024-07-25,2002-09-01,200.7
1054,2024-07-25,2024-07-25,2002-10-01,201.3
1055,2024-07-25,2024-07-25,2002-11-01,202.0
1056,2024-07-25,2024-07-25,2002-12-01,202.5
1057,2024-07-25,2024-07-25,2003-01-01,203.3
1058,2024-07-25,2024-07-25,2003-02-01,203.7
1059,2024-07-25,2024-07-25,2003-03-01,204.1
1060,2024-07-25,2024-07-25,2003-04-01,204.5
1061,2024-07-25,2024-07-25,2003-05-01,204.9
1062,2024-07-25,2024-07-25,2003-06-01,205.1
1063,2024-07-25,2024-07-25,2003-07-01,205.6
1064,2024-07-25,2024-07-25,2003-08-01,206.1
1065,2024-07-25,2024-07-25,2003-09-01,206.6
1066,2024-07-25,2024-07-25,2003-10-01,206.9
1067,2024-07-25,2024-07-25,2003-11-01,207.5
1068,2024-07-25,2024-07-25,2003-12-01,207.9
1069,2024-07-25,2024-07-25,2004-01-01,208.3
1070,2024-07-25,2024-07-25,2004-02-01,208.8
1071,2024-07-25,2024-07-25,2004-03-01,209.2
1072,2024-07-25,2024-07-25,2004-04-01,209.7
1073,2024-07-25,2024-07-25,2004-05-01,210.2
1074,2024-07-25,2024-07-25,2004-06-01,210.7
1075,2024-07-25,2024-07-25,2004-07-01,211.2
1076,2024-07-25,2024-07-25,2004-08-01,211.9
1077,2024-07-25,2024-07-25,2004-09-01,212.4
1078,2024-07-25,2024-07-25,2004-10-01,212.8
1079,2024-07-25,2024-07-25,2004-11-01,213.2
1080,2024-07-25,2024-07-25,2004-12-01,213.9
1081,2024-07-25,2024-07-25,2005-01-01,214.5
1082,2024-07-25,2024-07-25,2005-02-01,215.0
1083,2024-07-25,2024-07-25,2005-03-01,215.5
1084,2024-07-25,2024-07-25,2005-04-01,216.0
1085,2024-07-25,2024-07-25,2005-05-01,216.4
1086,2024-07-25,2024-07-25,2005-06-01,216.8
1087,2024-07-25,2024-07-25,2005-07-01,217.5
1088,2024-07-25,2024-07-25,2005-08-01,218.0
1089,2024-07-25,2024-07-25,2005-09-01,218.6
1090,2024-07-25,2024-07-25,2005-10-01,219.3
1091,2024-07-25,2024-07-25,2005-11-01,220.0
1092,2024-07-25,2024-07-25,2005-12-01,220.5
1093,2024-07-25,2024-07-25,2006-01-01,220.9
1094,2024-07-25,2024-07-25,2006-02-01,221.6
1095,2024-07-25,2024-07-25,2006-03-01,222.3
1096,2024-07-25,2024-07-25,2006-04-01,222.9
1097,2024-07-25,2024-07-25,2006-05-01,223.6
1098,2024-07-25,2024-07-25,2006-06-01,224.4
1099,2024-07-25,2024-07-25,2006-07-01,225.2
1100,2024-07-25,2024-07-25,2006-08-01,226.2
1101,2024-07-25,2024-07-25,2006-09-01,227.1
1102,2024-07-25,2024-07-25,2006-10-01,228.0
1103,2024-07-25,2024-07-25,2006-11-01,228.9
1104,2024-07-25,2024-07-25,2006-12-01,230.0
1105,2024-07-25,2024-07-25,2007-01-01,230.806
1106,2024-07-25,2024-07-25,2007-02-01,231.739
1107,2024-07-25,2024-07-25,2007-03-01,232.495
1108,2024-07-25,2024-07-25,2007-04-01,232.98
1109,2024-07-25,2024-07-25,2007-05-01,233.549
1110,2024-07-25,2024-07-25,2007-06-01,234.071
1111,2024-07-25,2024-07-25,2007-07-01,234.732
1112,2024-07-25,2024-07-25,2007-08-01,235.311
1113,2024-07-25,2024-07-25,2007-09-01,236.058
1114,2024-07-25,2024-07-25,2007-10-01,237.135
1115,2024-07-25,2024-07-25,2007-11-01,238.169
1116,2024-07-25,2024-07-25,2007-12-01,239.102
1117,2024-07-25,2024-07-25,2008-01-01,239.85
1118,2024-07-25,2024-07-25,2008-02-01,240.325
1119,2024-07-25,2024-07-25,2008-03-01,240.874
1120,2024-07-25,2024-07-25,2008-04-01,241.474
1121,2024-07-25,2024-07-25,2008-05-01,241.803
1122,2024-07-25,2024-07-25,2008-06-01,242.64
1123,2024-07-25,2024-07-25,2008-07-01,243.367
1124,2024-07-25,2024-07-25,2008-08-01,244.181
1125,2024-07-25,2024-07-25,2008-09-01,244.926
1126,2024-07-25,2024-07-25,2008-10-01,245.855
1127,2024-07-25,2024-07-25,2008-11-01,246.681
1128,2024-07-25,2024-07-25,2008-12-01,247.278
1129,2024-07-25,2024-07-25,2009-01-01,247.974
1130,2024-07-25,2024-07-25,2009-02-01,248.305
1131,2024-07-25,2024-07-25,2009-03-01,248.639
1132,2024-07-25,2024-07-25,2009-04-01,248.899
1133,2024-07-25,2024-07-25,2009-05-01,249.069
1134,2024-07-25,2024-07-25,2009-06-01,249.092
1135,2024-07-25,2024-07-25,2009-07-01,248.994
1136,2024-07-25,2024-07-25,2009-08-01,249.029
1137,2024-07-25,2024-07-25,2009-09-01,248.965
1138,2024-07-25,2024-07-25,2009-10-01,248.888
1139,2024-07-25,2024-07-25,2009-11-01,248.886
1140,2024-07-25,2024-07-25,2009-12-01,248.999
1141,2024-07-25,2024-07-25,2010-01-01,249.144
1142,2024-07-25,2024-07-25,2010-02-01,249.017
1143,2024-07-25,2024-07-25,2010-03-01,249.089
1144,2024-07-25,2024-07-25,2010-04-01,249.012
1145,2024-07-25,2024-07-25,2010-05-01,248.925
1146,2024-07-25,2024-07-25,2010-06-01,248.999
1147,2024-07-25,2024-07-25,2010-07-01,249.126
1148,2024-07-25,2024-07-25,2010-08-01,249.024
1149,2024-07-25,2024-07-25,2010-09-01,249.368
1150,2024-07-25,2024-07-25,2010-10-01,249.618
1151,2024-07-25,2024-07-25,2010-11-01,250.317
1152,2024-07-25,2024-07-25,2010-12-01,250.986
1153,2024-07-25,2024-07-25,2011-01-01,251.555
1154,2024-07-25,2024-07-25,2011-02-01,251.829
1155,2024-07-25,2024-07-25,2011-03-01,252.145
1156,2024-07-25,2024-07-25,2011-04-01,252.221
1157,2024-07-25,2024-07-25,2011-05-01,252.393
1158,2024-07-25,2024-07-25,2011-06-01,252.592
1159,2024-07-25,2024-07-25,2011-07-01,253.085
1160,2024-07-25,2024-07-25,2011-08-01,254.003
1161,2024-07-25,2024-07-25,2011-09-01,254.628
1162,2024-07-25,2024-07-25,2011-10-01,255.651
1163,2024-07-25,2024-07-25,2011-11-01,256.367
1164,2024-07-25,2024-07-25,2011-12-01,257.189
1165,2024-07-25,2024-07-25,2012-01-01,257.714
1166,2024-07-25,2024-07-25,2012-02-01,258.184
1167,2024-07-25,2024-07-25,2012-03-01,258.569
1168,2024-07-25,2024-07-25,2012-04-01,258.922
1169,2024-07-25,2024-07-25,2012-05-01,259.231
1170,2024-07-25,2024-07-25,2012-06-01,259.407
1171,2024-07-25,2024-07-25,2012-07-01,260.107
1172,2024-07-25,2024-07-25,2012-08-01,260.677
1173,2024-07-25,2024-07-25,2012-09-01,261.421
1174,2024-07-25,2024-07-25,2012-10-01,262.707
1175,2024-07-25,2024-07-25,2012-11-01,263.365
1176,2024-07-25,2024-07-25,2012-12-01,264.098
1177,2024-07-25,2024-07-25,2013-01-01,264.7
1178,2024-07-25,2024-07-25,2013-02-01,265.256
1179,2024-07-25,2024-07-25,2013-03-01,265.821
1180,2024-07-25,2024-07-25,2013-04-01,265.984
1181,2024-07-25,2024-07-25,2013-05-01,266.559
1182,2024-07-25,2024-07-25,2013-06-01,266.905
1183,2024-07-25,2024-07-25,2013-07-01,267.482
1184,2024-07-25,2024-07-25,2013-08-01,268.505
1185,2024-07-25,2024-07-25,2013-09-01,269.137
1186,2024-07-25,2024-07-25,2013-10-01,269.96
1187,2024-07-25,2024-07-25,2013-11-01,270.698
1188,2024-07-25,2024-07-25,2013-12-01,271.688
1189,2024-07-25,2024-07-25,2014-01-01,272.317
1190,2024-07-25,2024-07-25,2014-02-01,272.733
1191,2024-07-25,2024-07-25,2014-03-01,273.486
1192,2024-07-25,2024-07-25,2014-04-01,274.1
1193,2024-07-25,2024-07-25,2014-05-01,274.71
1194,2024-07-25,2024-07-25,2014-06-01,275.321
1195,2024-07-25,2024-07-25,2014-07-01,276.248
1196,2024-07-25,2024-07-25,2014-08-01,277.048
1197,2024-07-25,2024-07-25,2014-09-01,277.998
1198,2024-07-25,2024-07-25,2014-10-01,278.985
1199,2024-07-25,2024-07-25,2014-11-01,280.123
1200,2024-07-25,2024-07-25,2014-12-01,280.874
1201,2024-07-25,2024-07-25,2015-01-01,281.572
1202,2024-07-25,2024-07-25,2015-02-01,282.389
1203,2024-07-25,2024-07-25,2015-03-01,283.13
1204,2024-07-25,2024-07-25,2015-04-01,283.598
1205,2024-07-25,2024-07-25,2015-05-01,284.245
1206,2024-07-25,2024-07-25,2015-06-01,285.031
1207,2024-07-25,2024-07-25,2015-07-01,286.09
1208,2024-07-25,2024-07-25,2015-08-01,287.068
1209,2024-07-25,2024-07-25,2015-09-01,288.306
1210,2024-07-25,2024-07-25,2015-10-01,289.428
1211,2024-07-25,2024-07-25,2015-11-01,290.322
1212,2024-07-25,2024-07-25,2015-12-01,291.204
1213,2024-07-25,2024-07-25,2016-01-01,292.004
1214,2024-07-25,2024-07-25,2016-02-01,292.777
1215,2024-07-25,2024-07-25,2016-03-01,293.489
1216,2024-07-25,2024-07-25,2016-04-01,294.175
1217,2024-07-25,2024-07-25,2016-05-01,295.036
1218,2024-07-25,2024-07-25,2016-06-01,295.902
1219,2024-07-25,2024-07-25,2016-07-01,296.862
1220,2024-07-25,2024-07-25,2016-08-01,297.916
1221,2024-07-25,2024-07-25,2016-09-01,298.962
1222,2024-07-25,2024-07-25,2016-10-01,300.4
1223,2024-07-25,2024-07-25,2016-11-01,301.587
1224,2024-07-25,2024-07-25,2016-12-01,302.735
1225,2024-07-25,2024-07-25,2017-01-01,303.467
1226,2024-07-25,2024-07-25,2017-02-01,304.211
1227,2024-07-25,2024-07-25,2017-03-01,304.868
1228,2024-07-25,2024-07-25,2017-04-01,305.477
1229,2024-07-25,2024-07-25,2017-05-01,306.379
1230,2024-07-25,2024-07-25,2017-06-01,307.314
1231,2024-07-25,2024-07-25,2017-07-01,308.173
1232,2024-07-25,2024-07-25,2017-08-01,309.479
1233,2024-07-25,2024-07-25,2017-09-01,310.268
1234,2024-07-25,2024-07-25,2017-10-01,311.501
1235,2024-07-25,2024-07-25,2017-11-01,312.67
1236,2024-07-25,2024-07-25,2017-12-01,313.904
1237,2024-07-25,2024-07-25,2018-01-01,314.788
1238,2024-07-25,2024-07-25,2018-02-01,315.277
1239,2024-07-25,2024-07-25,2018-03-01,315.883
1240,2024-07-25,2024-07-25,2018-04-01,316.763
1241,2024-07-25,2024-07-25,2018-05-01,317.49
1242,2024-07-25,2024-07-25,2018-06-01,318.318
1243,2024-07-25,2024-07-25,2018-07-01,319.351
1244,2024-07-25,2024-07-25,2018-08-01,320.651
1245,2024-07-25,2024-07-25,2018-09-01,321.533
1246,2024-07-25,2024-07-25,2018-10-01,322.628
1247,2024-07-25,2024-07-25,2018-11-01,323.968
1248,2024-07-25,2024-07-25,2018-12-01,324.815
1249,2024-07-25,2024-07-25,2019-01-01,325.597
1250,2024-07-25,2024-07-25,2019-02-01,326.351
1251,2024-07-25,2024-07-25,2019-03-01,327.513
1252,2024-07-25,2024-07-25,2019-04-01,328.678
1253,2024-07-25,2024-07-25,2019-05-01,329.333
1254,2024-07-25,2024-07-25,2019-06-01,330.648
1255,2024-07-25,2024-07-25,2019-07-01,331.605
1256,2024-07-25,2024-07-25,2019-08-01,332.638
1257,2024-07-25,2024-07-25,2019-09-01,333.834
1258,2024-07-25,2024-07-25,2019-10-01,334.68
1259,2024-07-25,2024-07-25,2019-11-01,335.819
1260,2024-07-25,2024-07-25,2019-12-01,336.789
1261,2024-07-25,2024-07-25,2020-01-01,337.825
1262,2024-07-25,2024-07-25,2020-02-01,338.616
1263,2024-07-25,2024-07-25,2020-03-01,339.519
1264,2024-07-25,2024-07-25,2020-04-01,340.135
1265,2024-07-25,2024-07-25,2020-05-01,340.811
1266,2024-07-25,2024-07-25,2020-06-01,341.294
1267,2024-07-25,2024-07-25,2020-07-01,341.95
1268,2024-07-25,2024-07-25,2020-08-01,342.444
1269,2024-07-25,2024-07-25,2020-09-01,342.91
1270,2024-07-25,2024-07-25,2020-10-01,343.615
1271,2024-07-25,2024-07-25,2020-11-01,344.039
1272,2024-07-25,2024-07-25,2020-12-01,344.455
1273,2024-07-25,2024-07-25,2021-01-01,344.758
1274,2024-07-25,2024-07-25,2021-02-01,345.242
1275,2024-07-25,2024-07-25,2021-03-01,345.717
1276,2024-07-25,2024-07-25,2021-04-01,346.267
1277,2024-07-25,2024-07-25,2021-05-01,347.016
1278,2024-07-25,2024-07-25,2021-06-01,347.833
1279,2024-07-25,2024-07-25,2021-07-01,348.469
1280,2024-07-25,2024-07-25,2021-08-01,349.71
1281,2024-07-25,2024-07-25,2021-09-01,351.255
1282,2024-07-25,2024-07-25,2021-10-01,352.892
1283,2024-07-25,2024-07-25,2021-11-01,354.526
1284,2024-07-25,2024-07-25,2021-12-01,355.931
1285,2024-07-25,2024-07-25,2022-01-01,357.737
1286,2024-07-25,2024-07-25,2022-02-01,359.627
1287,2024-07-25,2024-07-25,2022-03-01,361.083
1288,2024-07-25,2024-07-25,2022-04-01,362.951
1289,2024-07-25,2024-07-25,2022-05-01,365.116
1290,2024-07-25,2024-07-25,2022-06-01,367.927
1291,2024-07-25,2024-07-25,2022-07-01,370.448
1292,2024-07-25,2024-07-25,2022-08-01,373.283
1293,2024-07-25,2024-07-25,2022-09-01,376.569
1294,2024-07-25,2024-07-25,2022-10-01,379.436
1295,2024-07-25,2024-07-25,2022-11-01,382.562
1296,2024-07-25,2024-07-25,2022-12-01,385.649
1297,2024-07-25,2024-07-25,2023-01-01,388.372
1298,2024-07-25,2024-07-25,2023-02-01,391.141
1299,2024-07-25,2024-07-25,2023-03-01,392.91
1300,2024-07-25,2024-07-25,2023-04-01,394.898
1301,2024-07-25,2024-07-25,2023-05-01,396.726
1302,2024-07-25,2024-07-25,2023-06-01,398.593
1303,2024-07-25,2024-07-25,2023-07-01,400.21
1304,2024-07-25,2024-07-25,2023-08-01,402.247
1305,2024-07-25,2024-07-25,2023-09-01,404.487
1306,2024-07-25,2024-07-25,2023-10-01,406.683
1307,2024-07-25,2024-07-25,2023-11-01,408.838
1308,2024-07-25,2024-07-25,2023-12-01,410.606
1309,2024-07-25,2024-07-25,2024-01-01,412.019
1310,2024-07-25,2024-07-25,2024-02-01,413.695
1311,2024-07-25,2024-07-25,2024-03-01,415.219
1312,2024-07-25,2024-07-25,2024-04-01,416.386
1313,2024-07-25,2024-07-25,2024-05-01,417.772
1314,2024-07-25,2024-07-25,2024-06-01,418.82
