,date,value,changed
0,1980-01-04,12.85,0.0
1,1980-01-11,12.9,0.3891050583657574
2,1980-01-18,12.87,0.1565469188308688
3,1980-01-25,12.89,0.31194707423103374
4,1980-02-01,12.85,0.0016289982030959216
5,1980-02-08,12.85,0.0016289982030959216
6,1980-02-15,12.88,0.23509203322255035
7,1980-02-22,13.03,1.3996883065144572
8,1980-02-29,13.59,5.69746267336021
9,1980-03-07,14.0,8.7143868823374
10,1980-03-14,15.4,18.714386882337408
11,1980-03-21,15.7,20.662438830389352
12,1980-03-28,16.03,22.76434965841484
13,1980-04-04,16.35,24.760606676505915
14,1980-04-11,16.35,24.760606676505915
15,1980-04-18,16.35,24.760606676505915
16,1980-04-25,16.25,24.14898588139888
17,1980-05-02,15.9,21.99513972755273
18,1980-05-09,14.68,14.322183752709952
19,1980-05-16,14.15,10.71182952927671
20,1980-05-23,13.38,5.270133416202508
21,1980-05-30,13.2,3.9248419363818656
22,1980-06-06,13.06,2.864235875775815
23,1980-06-13,12.85,1.256272629221448
24,1980-06-20,12.58,-0.8448946859536419
25,1980-06-27,12.35,-2.6731935730760568
26,1980-07-04,12.18,-4.049711791699536
27,1980-07-11,12.23,-3.639202760500834
28,1980-07-18,12.18,-4.048033504572798
29,1980-07-25,12.18,-4.048033504572798
30,1980-08-01,12.25,-3.473320860894632
31,1980-08-08,12.25,-3.473320860894632
32,1980-08-15,12.55,-1.0243412690578904
33,1980-08-22,12.8,0.967690603452068
34,1980-08-29,12.95,2.139565603452046
35,1980-09-05,13.03,2.757326221212667
36,1980-09-12,13.08,3.141056075395335
37,1980-09-19,13.25,4.440750264997787
38,1980-09-26,13.43,5.799240831035527
39,1980-10-03,13.6,7.06506361584566
40,1980-10-10,13.73,8.020945968786833
41,1980-10-17,13.78,8.385112028510058
42,1980-10-24,13.85,8.893094611964338
43,1980-10-31,14.0,9.97612710293906
44,1980-11-07,14.08,10.547555674367638
45,1980-11-14,14.18,11.25778294709491
46,1980-11-21,14.28,11.963001564866417
47,1980-11-28,14.28,11.963001564866417
48,1980-12-05,14.43,13.01342173293364
49,1980-12-12,14.83,15.785424504936419
50,1980-12-19,14.95,16.594595105071274
51,1980-12-26,14.95,16.594595105071274
52,1981-01-02,14.95,16.594595105071274
53,1981-01-09,14.8,15.591250623465935
54,1981-01-16,14.85,15.929088461303763
55,1981-01-23,14.85,15.929088461303763
56,1981-01-30,15.07,17.410569942785248
57,1981-02-06,15.0,16.946070938140256
58,1981-02-13,15.03,17.146070938140255
59,1981-02-20,15.2,18.277142129091693
60,1981-02-27,15.3,18.935036865933817
61,1981-03-06,15.4,19.588631637175645
62,1981-03-13,15.4,19.588631637175645
63,1981-03-20,15.4,19.588631637175645
64,1981-03-27,15.4,19.588631637175645
65,1981-04-03,15.4,19.588631637175645
66,1981-04-10,15.5,20.2379822865263
67,1981-04-17,15.65,21.20572422201018
68,1981-04-24,15.77,21.972497384949474
69,1981-05-01,15.82,22.289555089451706
70,1981-05-08,16.12,24.185888844192537
71,1981-05-15,16.64,27.411695295805437
72,1981-05-22,16.63,27.35159914195927
73,1981-05-29,16.8,28.37384808964419
74,1981-06-05,16.76,28.135752851548954
75,1981-06-12,16.69,27.718091753696925
76,1981-06-19,16.71,27.8379239885681
77,1981-06-26,16.62,27.29932434763453
78,1981-07-03,16.64,27.419661291076153
79,1981-07-10,16.79,28.321103598768445
80,1981-07-17,16.74,28.023307291442652
81,1981-07-24,16.88,28.859627482601564
82,1981-07-31,17.11,30.222186724307726
83,1981-08-07,17.13,30.33907743149649
84,1981-08-14,17.27,31.15635705788296
85,1981-08-21,17.26,31.098453178323044
86,1981-08-28,17.48,32.373076585043776
87,1981-09-04,17.79,34.14653196261814
88,1981-09-11,18.22,36.56362021444501
89,1981-09-18,18.27,36.83804392465357
90,1981-09-25,18.36,37.33065476209198
91,1981-10-02,18.28,36.89492491459743
92,1981-10-09,18.63,38.809585746107274
93,1981-10-16,18.53,38.272817093396604
94,1981-10-21,18.39,37.51728552297027
95,1981-10-30,18.44,37.789172418021934
96,1981-11-06,18.37,37.409562873553384
97,1981-11-13,18.02,35.50428252515925
98,1981-11-20,17.7,33.72847786367201
99,1981-11-27,17.21,30.960116281751116
100,1981-12-04,16.9,29.15883795519677
101,1981-12-11,16.94,29.395524345729328
102,1981-12-18,16.9,29.159396836874528
103,1981-12-25,16.95,29.45525482504022
104,1981-12-31,17.04,29.986228276367665
105,1982-01-08,17.3,31.51204987261181
106,1982-01-15,17.44,32.3212984275251
107,1982-01-22,17.61,33.29606906972692
108,1982-01-29,17.59,33.182497235541796
109,1982-02-05,17.56,33.011945785854465
110,1982-02-12,17.65,33.52447425965856
111,1982-02-19,17.66,33.581131483454605
112,1982-02-26,17.52,32.788379501574646
113,1982-03-05,17.29,31.47559411344679
114,1982-03-12,17.19,30.89722511402517
115,1982-03-19,17.12,30.49001161780644
116,1982-03-26,17.04,30.02272189818027
117,1982-04-02,16.95,29.494552884095768
118,1982-04-09,16.91,29.258564683505803
119,1982-04-16,16.93,29.376837894623485
120,1982-04-23,16.86,28.963370676667196
121,1982-04-30,16.81,28.66681077156636
122,1982-05-07,16.78,28.488345572280235
123,1982-05-14,16.63,27.594424237357693
124,1982-05-21,16.67,27.834953401518867
125,1982-05-28,16.63,27.595001391920768
126,1982-06-04,16.65,27.715265974001333
127,1982-06-11,16.7,28.015566274301637
128,1982-06-18,16.71,28.07544651382261
129,1982-06-25,16.73,28.19513532291895
130,1982-07-02,16.87,29.03195540660097
131,1982-07-09,16.93,29.38761634317477
132,1982-07-16,16.88,29.092282616063134
133,1982-07-23,16.75,28.322140435968354
134,1982-07-30,16.65,27.725125510595213
135,1982-08-06,16.55,27.124524909994626
136,1982-08-13,16.44,26.459872342018794
137,1982-08-20,16.21,25.06084557802852
138,1982-08-27,15.88,23.025065195548574
139,1982-09-03,15.59,21.19886872199693
140,1982-09-10,15.56,21.006437676454922
141,1982-09-17,15.38,19.849625337123307
142,1982-09-24,15.19,18.614254725939944
143,1982-10-01,15.13,18.219258017579193
144,1982-10-08,14.96,17.095662511961212
145,1982-10-15,14.6,14.689245399661736
146,1982-10-22,14.2,11.949519372264476
147,1982-10-29,14.15,11.59740669620815
148,1982-11-05,13.91,9.901293622003198
149,1982-11-12,13.84,9.398058539328861
150,1982-11-19,13.78,8.964532527768169
151,1982-11-26,13.77,8.891963587274702
152,1982-12-03,13.66,8.093125533534689
153,1982-12-10,13.66,8.093125533534689
154,1982-12-17,13.63,7.873506207033959
155,1982-12-24,13.6,7.653403492433802
156,1982-12-31,13.57,7.432815257139685
157,1983-01-07,13.46,6.622203613808813
158,1983-01-14,13.31,5.507790538028717
159,1983-01-21,13.12,4.0802924163157055
160,1983-01-28,13.1,3.927853391925467
161,1983-02-04,13.06,3.6225098804750937
162,1983-02-11,13.06,3.6225098804750937
163,1983-02-18,13.07,3.6990795588824392
164,1983-02-25,12.98,3.0104797119046283
165,1983-03-04,12.74,1.1614812527366785
166,1983-03-11,12.79,1.5539459309156283
167,1983-03-18,12.81,1.710318096670132
168,1983-03-25,12.86,2.1006381591213423
169,1983-04-01,12.82,1.7895961684526056
170,1983-04-08,12.82,1.7895961684526056
171,1983-04-15,12.79,1.5555868080781847
172,1983-04-22,12.75,1.2428424765691997
173,1983-04-29,12.73,1.0859797314711588
174,1983-05-06,12.71,0.9288705405834978
175,1983-05-13,12.59,-0.015267933059310401
176,1983-05-20,12.55,-0.3329804032737589
177,1983-05-27,12.68,0.702876170431415
178,1983-06-03,12.74,1.1760622903052291
179,1983-06-10,12.82,1.8040057753915755
180,1983-06-17,12.96,2.8960494571388433
181,1983-06-24,12.96,2.8960494571388433
182,1983-07-01,13.08,3.8219753830647734
183,1983-07-08,13.3,5.503932569609132
184,1983-07-15,13.5,7.0076919681053615
185,1983-07-22,13.58,7.6002845606979506
186,1983-07-29,13.65,8.115748478223722
187,1983-08-05,13.73,8.701829064304306
188,1983-08-12,13.84,9.502994395695424
189,1983-08-19,13.89,9.864266071996003
190,1983-08-26,13.78,9.072329426927599
191,1983-09-02,13.77,8.999760486434132
192,1983-09-09,13.77,8.999760486434132
193,1983-09-16,13.72,8.636652280188677
194,1983-09-23,13.72,8.636652280188677
195,1983-09-30,13.65,8.126448198556018
196,1983-10-07,13.59,7.68688775899558
197,1983-10-14,13.6,7.760471276287699
198,1983-10-21,13.52,7.172235982170054
199,1983-10-28,13.43,6.506555508797279
200,1983-11-04,13.42,6.4320953449849165
201,1983-11-11,13.47,6.8046735864156265
202,1983-11-18,13.42,6.433478337714809
203,1983-11-25,13.43,6.507993986000942
204,1983-12-02,13.41,6.359073658376229
205,1983-12-09,13.38,6.135360011843797
206,1983-12-16,13.42,6.434313674026153
207,1983-12-23,13.46,6.7323762671707295
208,1983-12-30,13.43,6.509493652014701
209,1984-01-06,13.43,6.509493652014701
210,1984-01-13,13.4,6.286113160577626
211,1984-01-20,13.35,5.912978832219411
212,1984-01-27,13.29,5.463540629972211
213,1984-02-03,13.26,5.237806995660702
214,1984-02-10,13.23,5.0115626517693
215,1984-02-17,13.19,4.709219492283282
216,1984-02-24,13.25,5.164109560516797
217,1984-03-02,13.23,5.013166164290387
218,1984-03-09,13.3,5.542266693390921
219,1984-03-16,13.37,6.068582482864585
220,1984-03-23,13.48,6.8913199548167245
221,1984-03-30,13.55,7.410607788644611
222,1984-04-06,13.63,8.001013692703644
223,1984-04-13,13.58,7.634175835036731
224,1984-04-20,13.67,8.296915157569867
225,1984-04-27,13.73,8.73583249480469
226,1984-05-04,13.78,9.099998554527915
227,1984-05-11,13.87,9.75311901896913
228,1984-05-18,14.04,10.978785925962637
229,1984-05-25,14.08,11.263686210862929
230,1984-06-01,14.29,12.755163483590199
231,1984-06-08,14.33,13.035079508782637
232,1984-06-15,14.47,14.012050897477696
233,1984-06-22,14.49,14.150267898168773
234,1984-06-29,14.5,14.21928101066014
235,1984-07-06,14.66,15.322729286522202
236,1984-07-13,14.68,15.459154934544035
237,1984-07-20,14.66,15.32291515252769
238,1984-07-27,14.67,15.391127976538595
239,1984-08-03,14.68,15.459294302373635
240,1984-08-10,14.54,14.505615828259184
241,1984-08-17,14.39,13.473978964435258
242,1984-08-24,14.36,13.265500854636775
243,1984-08-31,14.38,13.404776620653507
244,1984-09-07,14.42,13.682940737482435
245,1984-09-14,14.43,13.752288865082988
246,1984-09-21,14.29,12.782087894882014
247,1984-09-28,14.26,12.57215087598769
248,1984-10-05,14.18,12.01114105831588
249,1984-10-12,14.19,12.08166292009302
250,1984-10-19,14.1,11.44741344863425
251,1984-10-26,14.05,11.092803519556242
252,1984-11-02,13.85,9.66931597507225
253,1984-11-09,13.74,8.875092148357448
254,1984-11-16,13.63,8.07450990672717
255,1984-11-23,13.55,7.487569334460112
256,1984-11-30,13.42,6.528159740364162
257,1984-12-07,13.2,4.888815478069078
258,1984-12-14,13.2,4.888815478069078
259,1984-12-21,13.18,4.737300326553931
260,1984-12-28,13.14,4.433810189983381
261,1985-01-04,13.1,4.12939618693923
262,1985-01-11,13.12,4.282067942664428
263,1985-01-18,13.12,4.282067942664428
264,1985-01-25,12.96,3.0625557475424867
265,1985-02-01,12.93,2.8310742660609987
266,1985-02-08,12.91,2.676395225071052
267,1985-02-15,12.9,2.5989358912213243
268,1985-02-22,12.94,2.909013410601161
269,1985-03-01,13.02,3.5272514322395008
270,1985-03-08,13.1,4.141690756356234
271,1985-03-15,13.2,4.9050495349821785
272,1985-03-22,13.24,5.208079838012495
273,1985-03-29,13.29,5.585723342544205
274,1985-04-05,13.27,5.435234253003199
275,1985-04-12,13.23,5.133802451948192
276,1985-04-19,13.16,4.604701922847657
277,1985-04-26,13.12,4.300750555066494
278,1985-05-03,13.07,3.9196529940908977
279,1985-05-10,13.02,3.5370975235476645
280,1985-05-17,12.94,2.92265819943092
281,1985-05-24,12.83,2.0725809196782166
282,1985-05-31,12.71,1.1372730475036321
283,1985-06-07,12.39,-1.3804295488771676
284,1985-06-14,12.27,-2.3489525512984852
285,1985-06-21,12.05,-4.141943586343296
286,1985-06-28,12.15,-3.3120680676711
287,1985-07-05,12.13,-3.4766771211690437
288,1985-07-12,12.03,-4.3010794294955215
289,1985-07-19,11.94,-5.049209105305993
290,1985-07-26,12.03,-4.295440261084878
291,1985-08-02,12.17,-3.13168298760191
292,1985-08-09,12.23,-2.638667375440847
293,1985-08-16,12.24,-2.556901226626459
294,1985-08-23,12.18,-3.0470973050578407
295,1985-08-30,12.11,-3.6218099487360065
296,1985-09-06,12.15,-3.291504416118326
297,1985-09-13,12.24,-2.550763675377595
298,1985-09-20,12.21,-2.7958617145932805
299,1985-09-27,12.17,-3.123462042193611
300,1985-10-04,12.17,-3.123462042193611
301,1985-10-11,12.17,-3.123462042193611
302,1985-10-18,12.13,-3.4521391169676416
303,1985-10-25,12.07,-3.946780501963528
304,1985-11-01,12.01,-4.443880750513658
305,1985-11-08,11.9,-5.359784164335464
306,1985-11-15,11.79,-6.284153912234631
307,1985-11-22,11.64,-7.556418543277871
308,1985-11-29,11.58,-8.071882460803653
309,1985-12-06,11.5,-8.76272874750486
310,1985-12-13,11.31,-10.414902660548336
311,1985-12-20,11.14,-11.917997267091213
312,1985-12-27,11.09,-12.36683030120253
313,1986-01-03,10.81,-14.891627415720103
314,1986-01-10,10.77,-15.261655167801518
315,1986-01-17,10.99,-13.218943932889719
316,1986-01-24,10.97,-13.400927554363788
317,1986-01-31,10.89,-14.130189176970902
318,1986-02-07,10.85,-14.497498635189459
319,1986-02-14,10.8,-14.958328128277003
320,1986-02-21,10.68,-16.06943923938812
321,1986-02-28,10.51,-17.661199539013587
322,1986-03-07,10.2,-20.61077137535993
323,1986-03-14,10.01,-22.47351647339914
324,1986-03-21,10.01,-22.47351647339914
325,1986-03-28,10.1,-21.57441557429824
326,1986-04-04,9.99,-22.663524485189317
327,1986-04-11,9.98,-22.763624585289413
328,1986-04-18,9.92,-23.364826990099033
329,1986-04-25,9.86,-23.969665699776456
330,1986-05-02,9.9,-23.56398618659186
331,1986-05-09,10.0,-22.55388517649084
332,1986-05-16,10.08,-21.75388517649084
333,1986-05-23,10.36,-18.976107398713072
334,1986-05-30,10.38,-18.783057205662868
335,1986-06-06,10.74,-15.314849113177331
336,1986-06-13,10.76,-15.128629373884973
337,1986-06-20,10.61,-16.522681418494646
338,1986-06-27,10.62,-16.42843071161435
339,1986-07-04,10.61,-16.52259267018309
340,1986-07-11,10.59,-16.711094083943692
341,1986-07-18,10.43,-18.221953385171265
342,1986-07-25,10.4,-18.50958521642725
343,1986-08-01,10.4,-18.50958521642725
344,1986-08-08,10.4,-18.50958521642725
345,1986-08-15,10.23,-20.14420060104263
346,1986-08-22,10.04,-22.001483103486432
347,1986-08-29,9.93,-23.09710063336691
348,1986-09-05,9.9,-23.399215436992286
349,1986-09-12,9.96,-22.793154830931677
350,1986-09-19,10.07,-21.688737160248955
351,1986-09-26,10.1,-21.39082256243366
352,1986-10-03,10.08,-21.588842364413857
353,1986-10-10,9.99,-22.481699507270996
354,1986-10-17,9.96,-22.78199980757129
355,1986-10-24,9.95,-22.882401413997005
356,1986-10-31,9.89,-23.485416489373872
357,1986-11-07,9.83,-24.092089896856177
358,1986-11-14,9.81,-24.29554869644926
359,1986-11-21,9.64,-26.02847428258585
360,1986-11-28,9.5,-27.480756440262205
361,1986-12-05,9.3,-29.586019598156938
362,1986-12-12,9.35,-29.048385189554786
363,1986-12-19,9.3,-29.583144547843546
364,1986-12-26,9.29,-29.690671429563988
365,1987-01-02,9.37,-28.829530417723294
366,1987-01-09,9.32,-29.36314834728572
367,1987-01-16,9.21,-30.54340585801533
368,1987-01-23,9.04,-32.38922561914456
369,1987-01-30,9.08,-31.946747743038355
370,1987-02-06,9.06,-32.167012060218966
371,1987-02-13,9.09,-31.835886232404405
372,1987-02-20,9.11,-31.61586423020419
373,1987-02-27,9.07,-32.05494216653788
374,1987-03-06,9.03,-32.495956499503706
375,1987-03-13,9.05,-32.27447255708952
376,1987-03-20,9.03,-32.49546703222765
377,1987-03-27,9.03,-32.49546703222765
378,1987-04-03,9.26,-29.948401694464643
379,1987-04-10,9.43,-28.11254856271519
380,1987-04-17,10.27,-19.20480731138963
381,1987-04-24,10.37,-18.23109747692031
382,1987-05-01,10.47,-17.266777322629068
383,1987-05-08,10.52,-16.78922240381342
384,1987-05-15,10.48,-17.16945054069554
385,1987-05-22,10.81,-14.02059557886348
386,1987-05-29,10.7,-15.03817189708736
387,1987-06-05,10.7,-15.03817189708736
388,1987-06-12,10.66,-15.412003672788288
389,1987-06-19,10.44,-17.47579354145621
390,1987-06-26,10.35,-18.337862506973448
391,1987-07-03,10.36,-18.24124414948554
392,1987-07-10,10.3,-18.820394728636106
393,1987-07-17,10.23,-19.50000637912154
394,1987-07-24,10.23,-19.50000637912154
395,1987-07-31,10.27,-19.108999536501795
396,1987-08-07,10.35,-18.330031668926342
397,1987-08-14,10.34,-18.42665002641426
398,1987-08-21,10.3,-18.81349722177208
399,1987-08-28,10.33,-18.52223508584976
400,1987-09-04,10.63,-15.618072452742297
401,1987-09-11,10.91,-12.984017890183512
402,1987-09-18,10.99,-12.250745662869127
403,1987-09-25,11.02,-11.97777023065803
404,1987-10-02,11.18,-10.52586460452372
405,1987-10-09,11.21,-10.25752828967577
406,1987-10-16,11.58,-6.956903847213685
407,1987-10-23,11.36,-8.85673113564202
408,1987-10-30,10.97,-12.289829727191309
409,1987-11-06,10.79,-13.930668378057327
410,1987-11-13,10.66,-15.135487655165754
411,1987-11-20,10.6,-15.698339437529736
412,1987-11-27,10.55,-16.170037550737277
413,1987-12-04,10.6,-15.696103901448183
414,1987-12-11,10.66,-15.130066165599114
415,1987-12-18,10.69,-14.848640274417129
416,1987-12-25,10.64,-15.31636712193816
417,1987-12-31,10.61,-15.598322009156222
418,1988-01-08,10.5,-16.63507978483954
419,1988-01-15,10.53,-16.349365499125252
420,1988-01-22,10.34,-18.153733970160385
421,1988-01-29,10.16,-19.89454634927063
422,1988-02-05,9.94,-22.0599006799793
423,1988-02-12,9.84,-23.06593689728312
424,1988-02-19,9.92,-22.252928767201826
425,1988-02-26,9.87,-22.75696102526635
426,1988-03-04,9.85,-22.959595270453775
427,1988-03-11,9.96,-21.842844001418232
428,1988-03-18,9.92,-22.24445042712105
429,1988-03-25,9.99,-21.538805265830725
430,1988-04-01,10.05,-20.938204665230117
431,1988-04-08,10.19,-19.545169839359485
432,1988-04-15,10.19,-19.545169839359485
433,1988-04-22,10.3,-18.465680143579306
434,1988-04-29,10.28,-18.659854900860868
435,1988-05-06,10.32,-18.27074984249511
436,1988-05-13,10.4,-17.495556044045497
437,1988-05-20,10.52,-16.341709890199347
438,1988-05-27,10.58,-15.771367684876154
439,1988-06-03,10.58,-15.771367684876154
440,1988-06-10,10.51,-16.43299339376085
441,1988-06-17,10.35,-17.955353051229924
442,1988-06-24,10.4,-17.47226126379031
443,1988-07-01,10.39,-17.568415109944155
444,1988-07-08,10.38,-17.6646615007045
445,1988-07-15,10.44,-17.086626818623593
446,1988-07-22,10.46,-16.895055937397515
447,1988-07-29,10.49,-16.608249054032317
448,1988-08-05,10.44,-17.08489347729257
449,1988-08-12,10.57,-15.839682749323224
450,1988-08-19,10.71,-14.515179438064939
451,1988-08-26,10.67,-14.888662164488851
452,1988-09-02,10.65,-15.076103589043676
453,1988-09-09,10.53,-16.202864152423967
454,1988-09-16,10.4,-17.43743205365853
455,1988-09-23,10.4,-17.43743205365853
456,1988-09-30,10.42,-17.24512436135084
457,1988-10-07,10.38,-17.62900152065985
458,1988-10-14,10.33,-18.110697089060622
459,1988-10-21,10.28,-18.594724194578536
460,1988-10-28,10.22,-19.17838178212716
461,1988-11-04,10.12,-20.156855363340483
462,1988-11-11,10.24,-18.971084612352325
463,1988-11-18,10.31,-18.287490862352325
464,1988-11-25,10.39,-17.5115451785502
465,1988-12-02,10.44,-17.030313224748483
466,1988-12-09,10.46,-16.838742343522405
467,1988-12-16,10.71,-14.448684982145732
468,1988-12-23,10.68,-14.728797026963669
469,1988-12-30,10.77,-13.88610039775019
470,1989-01-06,10.8,-13.607548865716744
471,1989-01-13,10.81,-13.514956273124145
472,1989-01-20,10.71,-14.440025653327659
473,1989-01-27,10.6,-15.467103150993399
474,1989-02-03,10.55,-15.93880126420094
475,1989-02-10,10.56,-15.844014534343131
476,1989-02-17,10.69,-14.612953928282534
477,1989-02-24,10.78,-13.771045602744657
478,1989-03-03,10.91,-12.565108682522018
479,1989-03-10,10.86,-13.023403824593515
480,1989-03-17,10.98,-11.918431448902888
481,1989-03-24,11.22,-9.73263909917611
482,1989-03-31,11.19,-10.000018778320507
483,1989-04-07,11.07,-11.07240483730173
484,1989-04-14,11.11,-10.711067890598937
485,1989-04-21,10.99,-11.79117590140001
486,1989-04-28,11.03,-11.427208658451871
487,1989-05-05,10.97,-11.97117964666582
488,1989-05-12,10.93,-12.335810457969389
489,1989-05-19,10.69,-14.531601857786404
490,1989-05-26,10.5,-16.30896387836638
491,1989-06-02,10.48,-16.499440068842567
492,1989-06-09,10.2,-19.171195794033416
493,1989-06-16,10.04,-20.739823245013813
494,1989-06-23,10.19,-19.245799340631343
495,1989-06-30,10.07,-20.423424463300623
496,1989-07-07,10.03,-20.820643927054352
497,1989-07-14,9.82,-22.914362770523937
498,1989-07-21,9.87,-22.405197801073854
499,1989-07-28,9.81,-23.01310053663615
500,1989-08-04,9.68,-24.338278926034732
501,1989-08-11,9.96,-21.445716942563656
502,1989-08-18,10.09,-20.140496059029527
503,1989-08-25,10.21,-18.95119972602655
504,1989-09-01,10.22,-18.85325653307846
505,1989-09-08,10.17,-19.342493323685122
506,1989-09-15,10.05,-20.52243432663497
507,1989-09-22,10.03,-20.721439301759364
508,1989-09-29,10.16,-19.425327636754382
509,1989-10-06,10.1,-20.015878817856755
510,1989-10-13,9.95,-21.50102733270824
511,1989-10-20,9.92,-21.80253487039668
512,1989-10-27,9.82,-22.810599386525706
513,1989-11-03,9.82,-22.810599386525706
514,1989-11-10,9.79,-23.11609836819578
515,1989-11-17,9.72,-23.831113689952662
516,1989-11-24,9.74,-23.62535237308024
517,1989-12-01,9.74,-23.62535237308024
518,1989-12-08,9.76,-23.420013564045334
519,1989-12-15,9.75,-23.522472580438777
520,1989-12-22,9.69,-24.137857195823393
521,1989-12-29,9.78,-23.20906462616396
522,1990-01-05,9.83,-22.697817182401174
523,1990-01-12,9.8,-23.00300538179079
524,1990-01-19,9.9,-21.98259721852549
525,1990-01-26,10.05,-20.467445703373976
526,1990-02-02,10.17,-19.273415852627718
527,1990-02-09,10.21,-18.880102184977755
528,1990-02-16,10.1,-19.95747730740676
529,1990-02-23,10.31,-17.878269386614676
530,1990-03-02,10.23,-18.654215070416814
531,1990-03-09,10.29,-18.067704806487217
532,1990-03-16,10.34,-17.581796157313246
533,1990-03-23,10.26,-18.355490548028918
534,1990-03-30,10.22,-18.745354095787192
535,1990-04-06,10.26,-18.35396466330188
536,1990-04-13,10.25,-18.451430550241454
537,1990-04-20,10.41,-16.890454940485355
538,1990-04-27,10.56,-15.449532750283623
539,1990-05-04,10.67,-14.407866083616971
540,1990-05-11,10.54,-15.62623534322335
541,1990-05-18,10.37,-17.239138569029798
542,1990-05-25,10.33,-17.624866630746283
543,1990-06-01,10.29,-18.012088315160625
544,1990-06-08,10.1,-19.85854118202165
545,1990-06-15,10.12,-19.660521380041452
546,1990-06-22,10.16,-19.265264463045384
547,1990-06-29,10.15,-19.363689659895776
548,1990-07-06,10.06,-20.250389167284943
549,1990-07-13,10.11,-19.75337127464083
550,1990-07-20,9.99,-20.94031489481887
551,1990-07-27,9.98,-21.040414994918965
552,1990-08-03,9.84,-22.443220606141413
553,1990-08-10,10.08,-20.004196215897508
554,1990-08-17,10.05,-20.301815263516556
555,1990-08-24,10.29,-17.913755562024036
556,1990-08-31,10.24,-18.399664211197987
557,1990-09-07,10.19,-18.887945461197997
558,1990-09-14,10.13,-19.476758022532625
559,1990-09-21,10.16,-19.18060797317428
560,1990-09-28,10.22,-18.59005679207192
561,1990-10-05,10.08,-19.959919805770554
562,1990-10-12,10.22,-18.571030916881668
563,1990-10-19,10.24,-18.375336200639012
564,1990-10-26,10.17,-19.058929950639012
565,1990-11-02,10.13,-19.452243618288954
566,1990-11-09,10.09,-19.847110350766748
567,1990-11-16,10.02,-20.540866545018485
568,1990-11-23,9.93,-21.439070137832857
569,1990-11-30,9.9,-21.741184941458233
570,1990-12-07,9.81,-22.650275850549136
571,1990-12-14,9.56,-25.198695830161775
572,1990-12-21,9.64,-24.361875746479775
573,1990-12-28,9.68,-23.946937987143677
574,1991-01-04,9.56,-25.186607408631275
575,1991-01-11,9.63,-24.454389835409525
576,1991-01-18,9.75,-23.20828391640641
577,1991-01-25,9.61,-24.644181352303846
578,1991-02-01,9.56,-25.164472715467205
579,1991-02-08,9.36,-27.256522924672236
580,1991-02-15,9.25,-28.43173659988591
581,1991-02-22,9.29,-27.99930416745348
582,1991-03-01,9.4,-26.815235276172526
583,1991-03-08,9.49,-25.857788467661884
584,1991-03-15,9.5,-25.752414389685068
585,1991-03-22,9.59,-24.805045968632438
586,1991-03-29,9.52,-25.53497297593171
587,1991-04-05,9.49,-25.850099026351863
588,1991-04-12,9.48,-25.95547310432868
589,1991-04-19,9.47,-26.060958336396183
590,1991-04-26,9.53,-25.427378610947407
591,1991-05-03,9.47,-26.056969376949493
592,1991-05-10,9.47,-26.056969376949493
593,1991-05-17,9.5,-25.740179514225105
594,1991-05-24,9.47,-26.055968987909306
595,1991-05-31,9.45,-26.26716222972558
596,1991-06-07,9.48,-25.949701912265244
597,1991-06-14,9.66,-24.050967735050065
598,1991-06-21,9.65,-24.154487403787126
599,1991-06-28,9.67,-23.947233517776777
600,1991-07-05,9.62,-24.464296599472757
601,1991-07-12,9.64,-24.256396391572533
602,1991-07-19,9.54,-25.2937407899128
603,1991-07-26,9.5,-25.713028001652837
604,1991-08-02,9.44,-26.344606949021266
605,1991-08-09,9.27,-28.145454406648383
606,1991-08-16,9.19,-29.00845332789973
607,1991-08-23,9.17,-29.22608118426534
608,1991-08-30,9.15,-29.44418369244418
609,1991-09-06,9.14,-29.55347330993052
610,1991-09-13,9.02,-30.866383594394428
611,1991-09-20,8.95,-31.642436809472038
612,1991-09-27,8.92,-31.97763234019829
613,1991-10-04,8.87,-32.538170456790226
614,1991-10-11,8.82,-33.101868314738354
615,1991-10-18,8.82,-33.101868314738354
616,1991-10-25,8.91,-32.08146015147306
617,1991-11-01,8.78,-33.54049494384119
618,1991-11-08,8.76,-33.768285376643014
619,1991-11-15,8.69,-34.567372134633885
620,1991-11-22,8.63,-35.25782092634849
621,1991-11-29,8.7,-34.44669694025349
622,1991-12-06,8.62,-35.366237170138554
623,1991-12-13,8.53,-36.41032069682069
624,1991-12-20,8.49,-36.879253873842956
625,1991-12-27,8.35,-38.528252695986666
626,1992-01-03,8.24,-39.84561796544774
627,1992-01-10,8.23,-39.9669771887487
628,1992-01-17,8.45,-37.29383016566245
629,1992-01-24,8.56,-35.99205501773343
630,1992-01-31,8.68,-34.59018585885493
631,1992-02-07,8.67,-34.705393232126816
632,1992-02-14,8.73,-34.01335170963546
633,1992-02-21,8.82,-32.982423874583915
634,1992-02-28,8.83,-32.869045189776664
635,1992-03-06,8.85,-32.64254462352525
636,1992-03-13,8.88,-32.30356157267777
637,1992-03-20,9.03,-30.614372383488607
638,1992-03-27,8.98,-31.16808223952403
639,1992-04-03,8.96,-31.390799388744515
640,1992-04-10,8.84,-32.730085103030234
641,1992-04-17,8.76,-33.63506247859584
642,1992-04-24,8.85,-32.60766521832188
643,1992-05-01,8.84,-32.720659568604354
644,1992-05-08,8.75,-33.73875911611566
645,1992-05-15,8.64,-34.995901973258505
646,1992-05-22,8.53,-36.269050121406664
647,1992-05-29,8.6,-35.448417061617675
648,1992-06-05,8.59,-35.56469613138512
649,1992-06-12,8.54,-36.146768308335076
650,1992-06-19,8.48,-36.849344420747244
651,1992-06-26,8.43,-37.43896706225669
652,1992-07-03,8.29,-39.09970253082134
653,1992-07-10,8.13,-41.029738718999845
654,1992-07-17,8.09,-41.52174363904906
655,1992-07-24,8.08,-41.64535303336302
656,1992-07-31,8.05,-42.01664016207588
657,1992-08-07,8.06,-41.8924165595914
658,1992-08-14,7.96,-43.1331113486733
659,1992-08-21,7.87,-44.263764615004966
660,1992-08-28,8.01,-42.484857372311204
661,1992-09-04,7.94,-43.358764987791844
662,1992-09-11,7.84,-44.618210831620566
663,1992-09-18,7.89,-43.98045572957976
664,1992-09-24,8.02,-42.3328004697572
665,1992-10-02,7.93,-43.454994983472915
666,1992-10-09,8.01,-42.44616774513747
667,1992-10-16,8.06,-41.82194801979415
668,1992-10-23,8.23,-39.71276687835494
669,1992-10-30,8.21,-39.95578024409005
670,1992-11-06,8.29,-38.98135880681845
671,1992-11-13,8.32,-38.619477021534955
672,1992-11-20,8.32,-38.619477021534955
673,1992-11-27,8.29,-38.980053944611896
674,1992-12-04,8.34,-38.3769176358061
675,1992-12-11,8.23,-39.695862479930796
676,1992-12-18,8.19,-40.18188921140104
677,1992-12-25,8.13,-40.91448994400176
678,1992-12-31,8.14,-40.79148871398946
679,1993-01-08,8.07,-41.65143957394032
680,1993-01-15,8.04,-42.023186785836245
681,1993-01-22,8.0,-42.52069922364718
682,1993-01-29,7.86,-44.27069922364717
683,1993-02-05,7.8,-45.03405800227313
684,1993-02-12,7.75,-45.67508364329876
685,1993-02-19,7.65,-46.965406223943916
686,1993-02-26,7.53,-48.534033674924316
687,1993-03-05,7.44,-49.729252798430295
688,1993-03-12,7.47,-49.326026991978694
689,1993-03-19,7.57,-47.98733890630264
690,1993-03-26,7.5,-48.91204168041096
691,1993-04-02,7.53,-48.51204168041096
692,1993-04-09,7.57,-47.98083318107497
693,1993-04-16,7.45,-49.566037936689234
694,1993-04-23,7.38,-50.50563525212548
695,1993-04-30,7.43,-49.82812847705773
696,1993-05-07,7.42,-49.96271797907658
697,1993-05-14,7.42,-49.96271797907658
698,1993-05-21,7.52,-48.61500908419788
699,1993-05-28,7.5,-48.880966531006386
700,1993-06-04,7.47,-49.280966531006385
701,1993-06-11,7.48,-49.14709772243878
702,1993-06-18,7.38,-50.48399611816071
703,1993-06-25,7.34,-51.02600153821491
704,1993-07-02,7.23,-52.52463914039475
705,1993-07-09,7.19,-53.07788948617621
706,1993-07-16,7.16,-53.49513566141961
707,1993-07-23,7.2,-52.93647644354251
708,1993-07-30,7.25,-52.24203199909807
709,1993-08-06,7.21,-52.7937561370291
710,1993-08-13,7.17,-53.34854115783354
711,1993-08-20,7.1,-54.324831255462556
712,1993-08-27,6.97,-56.15581717095551
713,1993-09-03,6.93,-56.7297052627776
714,1993-09-10,6.82,-58.31700685007918
715,1993-09-17,6.96,-56.26422092632552
716,1993-09-24,6.95,-56.407899087245056
717,1993-10-01,6.89,-57.27120843976305
718,1993-10-08,6.87,-57.56148420173692
719,1993-10-15,6.81,-58.434846647151765
720,1993-10-22,6.74,-59.462746793994626
721,1993-10-29,6.86,-57.68233136372757
722,1993-11-05,7.11,-54.038016494922914
723,1993-11-12,7.12,-53.897369518832896
724,1993-11-19,7.08,-54.45916727164189
725,1993-11-26,7.31,-51.210579701020436
726,1993-12-04,7.25,-52.03137313467296
727,1993-12-10,7.14,-53.54861451398331
728,1993-12-17,7.17,-53.12844644675642
729,1993-12-24,7.17,-53.12844644675642
730,1993-12-31,7.13,-53.686326502544425
731,1994-01-07,7.23,-52.2838019583649
732,1994-01-14,6.99,-55.603304033053696
733,1994-01-21,7.05,-54.74493493434125
734,1994-01-28,6.97,-55.8796867073909
735,1994-02-04,6.97,-55.8796867073909
736,1994-02-11,7.21,-52.43635815645833
737,1994-02-18,7.11,-53.823320708469424
738,1994-02-25,7.32,-50.86973421057912
739,1994-03-04,7.51,-48.27410579527857
740,1994-03-11,7.63,-46.67623628795501
741,1994-03-18,7.76,-44.9724355015854
742,1994-03-25,7.8,-44.45697158405963
743,1994-04-01,8.04,-41.380048507136564
744,1994-04-08,8.47,-36.031789800668875
745,1994-04-15,8.26,-38.5111286436441
746,1994-04-22,8.49,-35.72662501168284
747,1994-04-29,8.32,-37.728980724285904
748,1994-05-06,8.53,-35.204942262747444
749,1994-05-13,8.77,-32.39134320061379
750,1994-05-20,8.56,-34.78586999650888
751,1994-05-27,8.53,-35.13633728622852
752,1994-06-03,8.55,-34.90187069771736
753,1994-06-10,8.25,-38.41064262754193
754,1994-06-17,8.33,-37.440945657844956
755,1994-06-24,8.46,-35.880321408145065
756,1994-07-01,8.57,-34.58008500152568
757,1994-07-08,8.68,-33.29653774364937
758,1994-07-15,8.72,-32.8357082505618
759,1994-07-22,8.53,-35.01460733313062
760,1994-07-29,8.57,-34.54567415610834
761,1994-08-05,8.38,-36.762710328803784
762,1994-08-12,8.57,-34.4954072261785
763,1994-08-19,8.54,-34.84546556923569
764,1994-08-26,8.56,-34.611273531764944
765,1994-09-02,8.48,-35.54585297101728
766,1994-09-09,8.51,-35.19207938611164
767,1994-09-16,8.66,-33.42944718869682
768,1994-09-23,8.73,-32.62113310093701
769,1994-09-30,8.82,-31.590205265885466
770,1994-10-07,8.89,-30.796554472234675
771,1994-10-14,8.93,-30.346610715204317
772,1994-10-21,8.85,-31.242467378138254
773,1994-10-28,9.03,-29.208569073053518
774,1994-11-04,9.05,-28.987085130639326
775,1994-11-11,9.19,-27.440123804672492
776,1994-11-18,9.19,-27.440123804672492
777,1994-11-25,9.25,-26.78724023557564
778,1994-12-02,9.23,-27.003456451791855
779,1994-12-09,9.15,-27.87019534669977
780,1994-12-16,9.25,-26.777299171836383
781,1994-12-23,9.18,-27.534055928593144
782,1994-12-30,9.18,-27.534055928593144
783,1995-01-06,9.22,-27.098326081098584
784,1995-01-13,9.19,-27.423705690643068
785,1995-01-20,9.05,-28.947100685202358
786,1995-01-27,9.13,-28.063122784649877
787,1995-02-03,8.94,-30.144174263291728
788,1995-02-10,8.8,-31.71016978901879
789,1995-02-17,8.84,-31.255624334473346
790,1995-02-24,8.73,-32.49996822587606
791,1995-03-03,8.53,-34.790918970435065
792,1995-03-10,8.62,-33.73581932213496
793,1995-03-17,8.38,-36.520042059953965
794,1995-03-24,8.4,-36.2813785754671
795,1995-03-31,8.38,-36.51947381356234
796,1995-04-07,8.41,-36.16147858683204
797,1995-04-14,8.37,-36.637102843669155
798,1995-04-21,8.24,-38.19026891296424
799,1995-04-28,8.26,-37.947550466362316
800,1995-05-05,8.27,-37.82648509105966
801,1995-05-12,7.87,-42.663244462280936
802,1995-05-19,7.83,-43.17150367447916
803,1995-05-26,7.85,-42.916075832844435
804,1995-06-02,7.71,-44.69951532329029
805,1995-06-09,7.51,-47.29354904572869
806,1995-06-16,7.55,-46.76092587662084
807,1995-06-23,7.53,-47.025826538872494
808,1995-06-30,7.53,-47.025826538872494
809,1995-07-07,7.63,-45.69780529053252
810,1995-07-14,7.41,-48.58116046746568
811,1995-07-21,7.6,-46.017057903363124
812,1995-07-28,7.79,-43.51705790336311
813,1995-08-04,7.82,-43.13194878911406
814,1995-08-11,7.8,-43.38770326481739
815,1995-08-18,7.94,-41.59283146994558
816,1995-08-25,7.88,-42.34849897624281
817,1995-09-01,7.76,-43.87134161583672
818,1995-09-08,7.63,-45.54659934779548
819,1995-09-15,7.6,-45.939784144650005
820,1995-09-22,7.57,-46.334520986755265
821,1995-09-29,7.62,-45.674019005249335
822,1995-10-06,7.57,-46.33018698425195
823,1995-10-13,7.5,-47.25488975836027
824,1995-10-20,7.38,-48.85488975836027
825,1995-10-27,7.45,-47.90638027326541
826,1995-11-03,7.44,-48.040608461184874
827,1995-11-09,7.37,-48.981468676238634
828,1995-11-17,7.35,-49.25283909686279
829,1995-11-24,7.35,-49.25283909686279
830,1995-12-01,7.33,-49.5249479404002
831,1995-12-08,7.18,-51.57133266072763
832,1995-12-15,7.15,-51.98915995877776
833,1995-12-22,7.23,-50.87027883989664
834,1995-12-29,7.11,-52.53002987724105
835,1996-01-05,7.02,-53.79585266205118
836,1996-01-12,7.08,-52.94115180735033
837,1996-01-19,7.02,-53.78860943446898
838,1996-01-26,7.0,-54.07350971936926
839,1996-02-02,7.02,-53.78779543365497
840,1996-02-09,7.02,-53.78779543365497
841,1996-02-16,6.94,-54.927396573256104
842,1996-02-23,7.32,-49.45189225048953
843,1996-03-01,7.41,-48.22238405376821
844,1996-03-08,7.38,-48.62724235336336
845,1996-03-15,7.83,-42.5296813777536
846,1996-03-22,7.81,-42.785109219388346
847,1996-03-29,7.69,-44.32160089672509
848,1996-04-05,7.78,-43.1512497913935
849,1996-04-12,8.05,-39.68081277339864
850,1996-04-19,7.95,-40.923048798243364
851,1996-04-26,7.92,-41.3004072888094
852,1996-05-03,7.99,-40.416568904971015
853,1996-05-10,8.24,-37.28765776604735
854,1996-05-17,8.08,-39.22940533886289
855,1996-05-24,8.01,-40.095741972526255
856,1996-05-31,8.03,-39.846054082388925
857,1996-06-07,8.3,-36.483663048765
858,1996-06-14,8.39,-35.39932569936741
859,1996-06-21,8.3,-36.47203130127444
860,1996-06-28,8.29,-36.5925132289853
861,1996-07-05,8.14,-38.40192215540265
862,1996-07-12,8.42,-34.96211871559922
863,1996-07-19,8.23,-37.21865078210753
864,1996-07-26,8.19,-37.70467751357778
865,1996-08-02,8.23,-37.21627702517727
866,1996-08-09,7.88,-41.469010925541795
867,1996-08-16,7.88,-41.469010925541795
868,1996-08-23,7.93,-40.83449315904434
869,1996-08-30,8.09,-38.81683868237346
870,1996-09-06,8.34,-35.726603824524254
871,1996-09-13,8.28,-36.446028284955915
872,1996-09-20,8.14,-38.13684954099455
873,1996-09-27,8.16,-37.89114929529431
874,1996-10-04,8.06,-39.11663949137274
875,1996-10-11,7.86,-41.59802906953651
876,1996-10-18,7.88,-41.34357614332786
877,1996-10-25,7.86,-41.597383249926835
878,1996-11-01,7.78,-42.61519495476144
879,1996-11-08,7.67,-44.02907670283343
880,1996-11-15,7.59,-45.07210147467176
881,1996-11-22,7.53,-45.86261530866385
882,1996-11-29,7.52,-45.995417433497856
883,1996-12-06,7.44,-47.05924722073188
884,1996-12-13,7.57,-45.311935392774885
885,1996-12-20,7.74,-43.06622865565467
886,1996-12-27,7.64,-44.35821831973736
887,1997-01-03,7.67,-43.965548162669286
888,1997-01-10,7.85,-41.61874242603305
889,1997-01-17,7.87,-41.363965355969356
890,1997-01-24,7.85,-41.618094962068476
891,1997-01-31,7.88,-41.23592935697293
892,1997-02-07,7.74,-43.01257910316583
893,1997-02-14,7.65,-44.175369800840244
894,1997-02-21,7.56,-45.35184038907555
895,1997-02-28,7.65,-44.16136419859934
896,1997-03-07,7.84,-41.67770406788039
897,1997-03-14,7.84,-41.67770406788039
898,1997-03-21,7.94,-40.40219386379876
899,1997-03-28,7.97,-40.02436011065014
900,1997-04-04,8.18,-37.38947930763886
901,1997-04-11,8.15,-37.756227473898015
902,1997-04-18,8.16,-37.63352808739495
903,1997-04-25,8.08,-38.61392024425769
904,1997-05-02,8.01,-39.48025687792106
905,1997-05-09,7.94,-40.3541644934017
906,1997-05-16,7.91,-40.73199824655031
907,1997-05-23,7.92,-40.605575996234265
908,1997-05-30,7.94,-40.353050743709005
909,1997-06-06,7.85,-41.48655200315486
910,1997-06-13,7.72,-43.14260295856887
911,1997-06-20,7.61,-44.56747342489011
912,1997-06-27,7.58,-44.96169155892427
913,1997-07-04,7.62,-44.433987073436136
914,1997-07-11,7.47,-46.40249101044402
915,1997-07-18,7.47,-46.40249101044402
916,1997-07-25,7.43,-46.937966244714424
917,1997-08-01,7.36,-47.88009275884632
918,1997-08-08,7.46,-46.52139710667242
919,1997-08-15,7.54,-45.44901104769119
920,1997-08-22,7.46,-46.51001900525087
921,1997-08-29,7.58,-44.90143991677902
922,1997-09-05,7.53,-45.56107052363917
923,1997-09-12,7.53,-45.56107052363917
924,1997-09-19,7.38,-47.553102396149136
925,1997-09-26,7.28,-48.90811594628463
926,1997-10-03,7.31,-48.49602803419672
927,1997-10-10,7.26,-49.180022562240495
928,1997-10-17,7.34,-48.07809418758484
929,1997-10-24,7.35,-47.941854405568485
930,1997-10-31,7.21,-49.84661631033038
931,1997-11-07,7.24,-49.430527544727056
932,1997-11-14,7.23,-49.56864909168838
933,1997-11-21,7.18,-50.26021202391522
934,1997-11-28,7.17,-50.39948778993193
935,1997-12-05,7.15,-50.67842781782593
936,1997-12-12,7.17,-50.398707538105654
937,1997-12-19,7.07,-51.79340767757566
938,1997-12-26,6.99,-52.9249494031768
939,1998-01-02,7.03,-52.352703337368496
940,1998-01-09,6.94,-53.632930933385566
941,1998-01-16,6.89,-54.35339202848645
942,1998-01-23,6.99,-52.90201321861706
943,1998-01-30,7.12,-51.04221350474008
944,1998-02-06,7.03,-52.3062584485603
945,1998-02-13,7.06,-51.879515916554624
946,1998-02-20,6.99,-52.87101733298521
947,1998-02-28,7.09,-51.440402168464466
948,1998-03-06,7.19,-50.02996493292145
949,1998-03-13,7.16,-50.44721110816485
950,1998-03-20,7.08,-51.564529543919036
951,1998-03-27,7.08,-51.564529543919036
952,1998-04-03,7.15,-50.57582897894728
953,1998-04-10,7.09,-51.414989818108126
954,1998-04-17,7.17,-50.28664002967371
955,1998-04-24,7.15,-50.56558005756771
956,1998-05-01,7.22,-49.58655907854675
957,1998-05-08,7.14,-50.69459231954398
958,1998-05-15,7.19,-49.99431220749914
959,1998-05-22,7.1,-51.24605073322934
960,1998-05-29,7.07,-51.66858594449693
961,1998-06-05,7.05,-51.95147137589723
962,1998-06-12,7.04,-52.09331534752843
963,1998-06-19,6.94,-53.51376989298297
964,1998-06-26,6.96,-53.225585454942646
965,1998-07-03,6.98,-52.938229133103555
966,1998-07-10,6.91,-53.941094462616455
967,1998-07-17,6.94,-53.50694106174814
968,1998-07-24,6.96,-53.218756623707804
969,1998-07-31,6.97,-53.07507846278827
970,1998-08-07,6.94,-53.505494531654826
971,1998-08-14,6.91,-53.93777118871535
972,1998-08-21,6.92,-53.79305338842591
973,1998-08-28,6.92,-53.79305338842591
974,1998-09-04,6.82,-55.23814009362821
975,1998-09-11,6.77,-55.97127792354024
976,1998-09-18,6.66,-57.596093285430925
977,1998-09-25,6.64,-57.89639358573123
978,1998-10-02,6.6,-58.498803224285446
979,1998-10-09,6.49,-60.16546989095211
980,1998-10-16,6.9,-53.848058488794955
981,1998-10-23,6.73,-56.311826604736986
982,1998-10-30,6.83,-54.82594250369687
983,1998-11-06,6.89,-53.94746519769395
984,1998-11-13,6.93,-53.36691367374619
985,1998-11-20,6.86,-54.37701468384719
986,1998-11-27,6.78,-55.54319544186469
987,1998-12-04,6.71,-56.57564381944582
988,1998-12-11,6.69,-56.87370641259038
989,1998-12-18,6.69,-56.87370641259038
990,1998-12-25,6.77,-55.677891763860934
991,1998-12-31,6.83,-54.791628839193265
992,1999-01-08,6.79,-55.37728037652855
993,1999-01-15,6.83,-54.7881787564991
994,1999-01-22,6.78,-55.52024317816821
995,1999-01-29,6.74,-56.11021367964313
996,1999-02-05,6.75,-55.96184572712089
997,1999-02-12,6.77,-55.665549430824605
998,1999-02-19,6.82,-54.926996993601556
999,1999-02-26,6.89,-53.900604031724725
1000,1999-03-05,7.06,-51.43326005494678
1001,1999-03-12,7.11,-50.725044757496335
1002,1999-03-19,7.01,-52.131514518396486
1003,1999-03-26,6.98,-52.55947457545781
1004,1999-04-02,6.98,-52.55947457545781
1005,1999-04-09,6.92,-53.41907342932602
1006,1999-04-16,6.87,-54.141616781927176
1007,1999-04-23,6.88,-53.996056374358034
1008,1999-04-30,6.93,-53.26931218831153
1009,1999-05-07,7.02,-51.97061088961024
1010,1999-05-14,7.1,-50.8310097500091
1011,1999-05-21,7.23,-49.00002383451613
1012,1999-05-28,7.23,-49.00002383451613
1013,1999-06-04,7.41,-46.51039727849954
1014,1999-06-11,7.51,-45.16086961318241
1015,1999-06-18,7.65,-43.2966885213049
1016,1999-06-25,7.63,-43.558126429801646
1017,1999-07-02,7.71,-42.50963363818959
1018,1999-07-09,7.65,-43.287843754921106
1019,1999-07-16,7.58,-44.20287643465968
1020,1999-07-23,7.52,-44.99443316289188
1021,1999-07-30,7.7,-42.600816141615276
1022,1999-08-06,7.89,-40.13328367408281
1023,1999-08-13,8.15,-36.83797315443768
1024,1999-08-20,7.93,-39.53735965750517
1025,1999-08-27,7.8,-41.176703919800254
1026,1999-09-03,7.83,-40.792088535184874
1027,1999-09-10,7.88,-40.153518931098034
1028,1999-09-17,7.82,-40.914940250894986
1029,1999-09-24,7.76,-41.68220367800496
1030,1999-10-01,7.7,-42.45539955429362
1031,1999-10-08,7.82,-40.89695799585206
1032,1999-10-15,7.85,-40.513326282297086
1033,1999-10-22,7.93,-39.49421800204231
1034,1999-10-29,7.96,-39.11590778766651
1035,1999-11-05,7.84,-40.62344547610873
1036,1999-11-12,7.67,-42.7918128230475
1037,1999-11-19,7.69,-42.5310566300879
1038,1999-11-26,7.75,-41.75082255986685
1039,1999-12-03,7.84,-40.589532237286214
1040,1999-12-10,7.84,-40.589532237286214
1041,1999-12-17,7.86,-40.33443019646988
1042,1999-12-24,7.96,-39.06216556542662
1043,1999-12-31,8.06,-37.80588415839144
1044,2000-01-07,8.15,-36.689258848217754
1045,2000-01-14,8.18,-36.32116068870855
1046,2000-01-21,8.26,-35.3431655786841
1047,2000-01-28,8.25,-35.464230953986764
1048,2000-02-04,8.25,-35.464230953986764
1049,2000-02-11,8.36,-34.13089762065344
1050,2000-02-18,8.38,-33.89166317089267
1051,2000-02-25,8.31,-34.72698536659673
1052,2000-03-03,8.27,-35.20833314036329
1053,2000-03-10,8.23,-35.69200907748541
1054,2000-03-17,8.24,-35.57050239461786
1055,2000-03-24,8.23,-35.691861617918825
1056,2000-03-31,8.23,-35.691861617918825
1057,2000-04-07,8.2,-36.05638166652152
1058,2000-04-14,8.12,-37.03199142261908
1059,2000-04-21,8.16,-36.539380585180645
1060,2000-04-28,8.13,-36.90702764400416
1061,2000-05-05,8.28,-35.062009193819684
1062,2000-05-12,8.52,-32.16345846918199
1063,2000-05-19,8.64,-30.755007764956616
1064,2000-05-26,8.62,-30.986489246438115
1065,2000-06-02,8.54,-31.914563492377795
1066,2000-06-09,8.32,-34.49067590455577
1067,2000-06-16,8.22,-35.692598981478845
1068,2000-06-23,8.14,-36.665834991211206
1069,2000-06-30,8.22,-35.68303400841022
1070,2000-07-07,8.16,-36.4129610157095
1071,2000-07-14,8.09,-37.27080415296441
1072,2000-07-21,8.21,-35.78749142119678
1073,2000-07-28,8.13,-36.761912858468406
1074,2000-08-04,8.12,-36.88491408848073
1075,2000-08-11,8.04,-37.870135763357574
1076,2000-08-18,7.96,-38.86516063897946
1077,2000-08-25,7.99,-38.48827621686891
1078,2000-09-01,7.96,-38.86374555353975
1079,2000-09-08,7.94,-39.11500183494678
1080,2000-09-15,7.88,-39.87066934124401
1081,2000-09-22,7.9,-39.61686223464502
1082,2000-09-29,7.88,-39.870026791607046
1083,2000-10-06,7.83,-40.5045445581045
1084,2000-10-13,7.84,-40.376830637287135
1085,2000-10-20,7.83,-40.50438165769529
1086,2000-10-27,7.68,-42.42009046995583
1087,2000-11-03,7.73,-41.76904880328916
1088,2000-11-10,7.79,-40.99285216680793
1089,2000-11-17,7.73,-41.763070395305995
1090,2000-11-24,7.73,-41.763070395305995
1091,2000-12-01,7.65,-42.79799924394765
1092,2000-12-08,7.54,-44.235907740679686
1093,2000-12-15,7.42,-45.827419677019215
1094,2000-12-22,7.17,-49.196691914215975
1095,2000-12-29,7.13,-49.75457197000398
1096,2001-01-05,7.07,-50.59608669651169
1097,2001-01-12,6.89,-53.14205557911425
1098,2001-01-19,7.02,-51.25526312628406
1099,2001-01-26,7.15,-49.4034112744322
1100,2001-02-02,7.09,-50.24257211359305
1101,2001-02-09,6.98,-51.79405307269035
1102,2001-02-16,7.01,-51.364253645756264
1103,2001-02-23,7.12,-49.79506676986468
1104,2001-03-02,7.03,-51.0591117136849
1105,2001-03-09,6.97,-51.91259677769628
1106,2001-03-16,6.96,-52.05606880065179
1107,2001-03-23,6.89,-53.06181592708858
1108,2001-03-30,6.91,-52.77154016511469
1109,2001-04-06,7.01,-51.32436216222034
1110,2001-04-13,7.04,-50.896402105159
1111,2001-04-20,7.14,-49.47594755970446
1112,2001-04-27,7.12,-49.756059604522385
1113,2001-05-04,7.14,-49.475160728117906
1114,2001-05-11,7.1,-50.03538481775376
1115,2001-05-18,7.14,-49.47200453606362
1116,2001-05-25,7.2,-48.63166840160984
1117,2001-06-01,7.24,-48.076112846054286
1118,2001-06-08,7.2,-48.62859903389959
1119,2001-06-15,7.14,-49.46193236723293
1120,2001-06-22,7.11,-49.88210043445981
1121,2001-06-29,7.11,-49.88210043445981
1122,2001-07-06,7.19,-48.75692462573969
1123,2001-07-13,7.21,-48.47876050891077
1124,2001-07-20,7.08,-50.28181182652519
1125,2001-07-27,7.03,-50.98802651579073
1126,2001-08-03,7.0,-51.414769047796426
1127,2001-08-10,7.0,-51.414769047796426
1128,2001-08-17,6.92,-52.55762619065357
1129,2001-08-24,6.91,-52.702134861173796
1130,2001-08-31,6.92,-52.557417060884354
1131,2001-09-07,6.89,-52.99094307244505
1132,2001-09-14,6.86,-53.42635671540585
1133,2001-09-21,6.8,-54.30099228391898
1134,2001-09-28,6.72,-55.47746287215427
1135,2001-10-05,6.64,-56.66793906263045
1136,2001-10-12,6.58,-57.57155352046177
1137,2001-10-19,6.61,-57.115626468790026
1138,2001-10-26,6.64,-56.66176867756463
1139,2001-11-02,6.56,-57.866587954673065
1140,2001-11-09,6.45,-59.54341722296574
1141,2001-11-16,6.51,-58.613184664826214
1142,2001-11-23,6.75,-54.926548720125744
1143,2001-11-30,7.02,-50.92654872012574
1144,2001-12-07,6.84,-53.49065128422829
1145,2001-12-14,7.09,-49.835680523994384
1146,2001-12-21,7.17,-48.70733073555997
1147,2001-12-28,7.16,-48.84680074950697
1148,2002-01-04,7.14,-49.12613035844552
1149,2002-01-11,7.06,-50.24657853771723
1150,2002-01-18,6.83,-53.504368905989175
1151,2002-01-25,6.96,-51.60100140964949
1152,2002-02-01,7.02,-50.73893244413225
1153,2002-02-08,6.88,-52.733234438434245
1154,2002-02-15,6.86,-53.02393211285284
1155,2002-02-22,6.81,-53.75279508661379
1156,2002-03-01,6.8,-53.8996379647342
1157,2002-03-08,6.87,-52.87022620002832
1158,2002-03-15,7.08,-49.81345764107636
1159,2002-03-22,7.14,-48.96600001395772
1160,2002-03-29,7.18,-48.405775924321865
1161,2002-04-05,7.13,-49.10215475440543
1162,2002-04-12,6.99,-51.06568911625676
1163,2002-04-19,6.94,-51.780996698517136
1164,2002-04-26,6.88,-52.645550012638175
1165,2002-05-03,6.78,-54.09903838473119
1166,2002-05-10,6.79,-53.95154575936246
1167,2002-05-17,6.89,-52.47879170928883
1168,2002-05-24,6.81,-53.63989475718434
1169,2002-05-31,6.76,-54.374109147786385
1170,2002-06-07,6.71,-55.11375411820058
1171,2002-06-14,6.71,-55.11375411820058
1172,2002-06-21,6.63,-56.306004490778825
1173,2002-06-28,6.55,-57.51264099153297
1174,2002-07-05,6.57,-57.20729748008257
1175,2002-07-12,6.54,-57.66391848464879
1176,2002-07-19,6.49,-58.42844447853258
1177,2002-07-26,6.34,-60.73969255249253
1178,2002-08-02,6.43,-59.32013419287109
1179,2002-08-09,6.31,-61.18638613688353
1180,2002-08-16,6.22,-62.612693585377976
1181,2002-08-23,6.27,-61.80883506447765
1182,2002-08-30,6.22,-62.60628323034687
1183,2002-09-06,6.15,-63.73168515960731
1184,2002-09-13,6.18,-63.24388028155853
1185,2002-09-20,6.05,-65.3474401521087
1186,2002-09-27,5.99,-66.33917568929878
1187,2002-10-04,6.01,-66.00528587293819
1188,2002-10-11,5.98,-66.50445392618276
1189,2002-10-18,6.15,-63.66164456163426
1190,2002-10-25,6.31,-61.06001854537411
1191,2002-11-01,6.13,-63.91263344236302
1192,2002-11-08,6.11,-64.238897716425
1193,2002-11-15,5.94,-67.0212217753448
1194,2002-11-22,6.03,-65.50607026019328
1195,2002-11-29,6.13,-63.84769546749014
1196,2002-12-06,6.19,-62.86890264530416
1197,2002-12-13,6.04,-65.29216597325247
1198,2002-12-20,6.03,-65.45772888715975
1199,2002-12-27,5.93,-67.1161036798629
1200,2003-01-03,5.85,-68.46517619251046
1201,2003-01-10,5.95,-66.75577448310872
1202,2003-01-17,5.97,-66.41964002932721
1203,2003-01-24,5.91,-67.42466515495535
1204,2003-01-31,5.9,-67.593869892688
1205,2003-02-07,5.88,-67.93285294353547
1206,2003-02-14,5.86,-68.27298899795723
1207,2003-02-21,5.84,-68.61428592628488
1208,2003-02-28,5.79,-69.47045030984653
1209,2003-03-07,5.67,-71.54298916995016
1210,2003-03-14,5.61,-72.60119022815121
1211,2003-03-21,5.79,-69.3926340784186
1212,2003-03-28,5.91,-67.32009521831496
1213,2003-04-04,5.79,-69.35055207110685
1214,2003-04-11,5.85,-68.31428264105503
1215,2003-04-18,5.82,-68.82710315387553
1216,2003-04-25,5.79,-69.3425670714013
1217,2003-05-02,5.7,-70.89697121647902
1218,2003-05-09,5.62,-72.30047998840885
1219,2003-05-16,5.45,-75.32539102043732
1220,2003-05-23,5.34,-77.34373964429054
1221,2003-05-30,5.31,-77.90553739709952
1222,2003-06-06,5.26,-78.8471569827869
1223,2003-06-13,5.21,-79.79772732499221
1224,2003-06-20,5.21,-79.79772732499221
1225,2003-06-27,5.24,-79.22191158602868
1226,2003-07-04,5.4,-76.16847647152485
1227,2003-07-11,5.52,-73.94625424930264
1228,2003-07-18,5.67,-71.22886294495481
1229,2003-07-25,5.94,-66.46695818305004
1230,2003-08-01,6.14,-63.09995481604669
1231,2003-08-08,6.34,-59.84262582581867
1232,2003-08-15,6.24,-61.419912892064715
1233,2003-08-22,6.28,-60.77888725103908
1234,2003-08-29,6.32,-60.14194457587985
1235,2003-09-05,6.44,-58.243210398664644
1236,2003-09-12,6.16,-62.591036485621174
1237,2003-09-19,6.01,-65.02610142068612
1238,2003-09-26,5.98,-65.52526947393069
1239,2003-10-03,5.77,-69.03697515954943
1240,2003-10-10,5.95,-65.91739110409014
1241,2003-10-17,6.05,-64.23671883518259
1242,2003-10-24,6.05,-64.23671883518259
1243,2003-10-31,5.94,-66.0549006533644
1244,2003-11-07,5.98,-65.38149997996373
1245,2003-11-14,6.03,-64.54537957862595
1246,2003-11-21,5.83,-67.86212916403227
1247,2003-11-28,5.89,-66.83296964430671
1248,2003-12-05,6.02,-64.6258389142558
1249,2003-12-12,5.88,-66.95142030960463
1250,2003-12-19,5.82,-67.97182847286993
1251,2003-12-26,5.81,-68.14364977871186
1252,2003-12-31,5.85,-67.45518162036417
1253,2004-01-08,5.87,-67.11330127848383
1254,2004-01-15,5.66,-70.69081405531519
1255,2004-01-22,5.64,-71.04417094577457
1256,2004-01-29,5.68,-70.33495108761855
1257,2004-02-05,5.72,-69.63072573550588
1258,2004-02-12,5.66,-70.67967678445692
1259,2004-02-19,5.58,-72.09310434629437
1260,2004-02-26,5.58,-72.09310434629437
1261,2004-03-04,5.59,-71.91389287676031
1262,2004-03-11,5.41,-75.13392865493563
1263,2004-03-18,5.38,-75.68845730558259
1264,2004-03-25,5.4,-75.31671009368667
1265,2004-04-01,5.52,-73.09448787146445
1266,2004-04-08,5.79,-68.20318352363836
1267,2004-04-15,5.89,-66.47606780688534
1268,2004-04-22,5.94,-65.62717137225034
1269,2004-04-29,6.01,-64.44872019379918
1270,2004-05-06,6.12,-62.61843733190234
1271,2004-05-13,6.34,-59.02366609007229
1272,2004-05-20,6.3,-59.65458091657071
1273,2004-05-27,6.32,-59.33712059911039
1274,2004-06-03,6.28,-59.970031991515455
1275,2004-06-10,6.3,-59.651560653935846
1276,2004-06-17,6.32,-59.33410033647553
1277,2004-06-24,6.25,-60.44169527318439
1278,2004-07-01,6.21,-61.08169527318439
1279,2004-07-08,6.01,-64.30230718944848
1280,2004-07-15,6.0,-64.46869654053002
1281,2004-07-22,5.98,-64.80202987386335
1282,2004-07-29,6.08,-63.129789071187766
1283,2004-08-05,5.99,-64.6100522290825
1284,2004-08-12,5.85,-66.94728094360671
1285,2004-08-19,5.81,-67.6310416273674
1286,2004-08-26,5.82,-67.45892458778047
1287,2004-09-02,5.77,-68.3180311169901
1288,2004-09-09,5.83,-67.27816976517033
1289,2004-09-16,5.75,-68.65038245813774
1290,2004-09-23,5.7,-69.51994767552904
1291,2004-09-30,5.72,-69.16907048254659
1292,2004-10-07,5.82,-67.42081873429484
1293,2004-10-14,5.74,-68.79538918103025
1294,2004-10-21,5.69,-69.66646932040307
1295,2004-10-28,5.64,-70.54520394254719
1296,2004-11-04,5.7,-69.48137415531313
1297,2004-11-11,5.76,-68.42874257636576
1298,2004-11-18,5.74,-68.77596479858798
1299,2004-11-24,5.72,-69.12439685433712
1300,2004-12-02,5.81,-67.55097028091056
1301,2004-12-09,5.71,-69.27214067677974
1302,2004-12-16,5.68,-69.7975347223139
1303,2004-12-22,5.75,-68.5651403561167
1304,2004-12-29,5.81,-67.52166209524714
1305,2005-01-06,5.77,-68.21013025359481
1306,2005-01-13,5.74,-68.73006092950467
1307,2005-01-20,5.67,-69.94957312462662
1308,2005-01-27,5.66,-70.12593996766013
1309,2005-02-03,5.63,-70.65597530334918
1310,2005-02-10,5.57,-71.72169466391756
1311,2005-02-17,5.62,-70.82402859569494
1312,2005-02-24,5.69,-69.57847699427144
1313,2005-03-03,5.79,-67.82100774998322
1314,2005-03-10,5.85,-66.7847383199314
1315,2005-03-17,5.95,-65.07533661052967
1316,2005-03-24,6.01,-64.06693324918514
1317,2005-03-31,6.04,-63.56776519594055
1318,2005-04-07,5.93,-65.38895724892069
1319,2005-04-14,5.91,-65.72622537708257
1320,2005-04-21,5.8,-67.5874774921418
1321,2005-04-28,5.78,-67.93230507834869
1322,2005-05-05,5.75,-68.45133622021721
1323,2005-05-12,5.77,-68.1035101332607
1324,2005-05-19,5.71,-69.14337148508045
1325,2005-05-26,5.65,-70.19415957614875
1326,2005-06-02,5.62,-70.72513302747619
1327,2005-06-09,5.56,-71.79274868583919
1328,2005-06-16,5.63,-70.53375588008377
1329,2005-06-23,5.57,-71.59947524065215
1330,2005-06-30,5.53,-72.31760809523026
1331,2005-07-07,5.62,-70.69012165761724
1332,2005-07-14,5.66,-69.97837788537525
1333,2005-07-21,5.73,-68.74162876876747
1334,2005-07-28,5.77,-68.04354848953537
1335,2005-08-04,5.82,-67.17699736301888
1336,2005-08-11,5.89,-65.97424822212542
1337,2005-08-18,5.8,-67.50226180446838
1338,2005-08-25,5.77,-68.01950318377872
1339,2005-09-01,5.71,-69.05936453559848
1340,2005-09-08,5.71,-69.05936453559848
1341,2005-09-15,5.74,-68.53397049006432
1342,2005-09-22,5.8,-67.48867432281695
1343,2005-09-29,5.91,-65.59212259867901
1344,2005-10-06,5.98,-64.40768943455042
1345,2005-10-13,6.03,-63.57156903321264
1346,2005-10-20,6.1,-62.41070667832045
1347,2005-10-27,6.15,-61.591034547172896
1348,2005-11-03,6.31,-58.98940853091275
1349,2005-11-10,6.36,-58.197015503971365
1350,2005-11-17,6.37,-58.039782799568854
1351,2005-11-23,6.28,-59.45265564101312
1352,2005-12-01,6.26,-59.771126978592754
1353,2005-12-08,6.32,-58.812660524918634
1354,2005-12-15,6.3,-59.12911622112118
1355,2005-12-22,6.26,-59.76403685604181
1356,2005-12-29,6.22,-60.40301449182456
1357,2006-01-05,6.21,-60.56378619600462
1358,2006-01-12,6.15,-61.52996977088384
1359,2006-01-19,6.1,-62.34297790096515
1360,2006-01-26,6.12,-62.01510904850612
1361,2006-02-02,6.23,-60.21772342759107
1362,2006-02-09,6.24,-60.05720978393137
1363,2006-02-16,6.28,-59.416184142905735
1364,2006-02-23,6.26,-59.734655480485365
1365,2006-03-02,6.24,-60.054144298376734
1366,2006-03-09,6.37,-57.970810965043405
1367,2006-03-16,6.34,-58.44176857885817
1368,2006-03-23,6.32,-58.75722599210738
1369,2006-03-30,6.35,-58.2825424478036
1370,2006-04-06,6.43,-57.02269992811855
1371,2006-04-13,6.49,-56.08957395611232
1372,2006-04-20,6.53,-55.473241136389674
1373,2006-04-27,6.58,-54.70754435231618
1374,2006-05-04,6.59,-54.55556866842559
1375,2006-05-11,6.58,-54.70731373671087
1376,2006-05-18,6.6,-54.403362368929734
1377,2006-05-25,6.62,-54.100332065899416
1378,2006-06-01,6.67,-53.34504505683597
1379,2006-06-08,6.62,-54.09467024424226
1380,2006-06-15,6.63,-53.943612842429566
1381,2006-06-22,6.71,-52.73697634167542
1382,2006-06-29,6.78,-51.69375726566945
1383,2006-07-06,6.79,-51.54626464030072
1384,2006-07-13,6.74,-52.282641665337536
1385,2006-07-20,6.8,-51.39243395020401
1386,2006-07-27,6.72,-52.5689045384393
1387,2006-08-03,6.63,-53.90819025272501
1388,2006-08-10,6.55,-55.11482675347915
1389,2006-08-17,6.52,-55.57284202065472
1390,2006-08-24,6.48,-56.18633895317004
1391,2006-08-31,6.44,-56.80362290378733
1392,2006-09-07,6.47,-56.33778439447057
1393,2006-09-14,6.43,-56.956022416108894
1394,2006-09-21,6.4,-57.422585402112
1395,2006-09-28,6.31,-58.828835402112006
1396,2006-10-05,6.3,-58.987314007500274
1397,2006-10-12,6.37,-57.87620289638917
1398,2006-10-19,6.36,-58.033188767660754
1399,2006-10-26,6.4,-57.40425795005069
1400,2006-11-02,6.31,-58.8105079500507
1401,2006-11-09,6.33,-58.49355073927414
1402,2006-11-16,6.24,-59.91535168714143
1403,2006-11-22,6.18,-60.8768901486799
1404,2006-11-30,6.14,-61.524139339618415
1405,2006-12-07,6.11,-62.01273868815261
1406,2006-12-14,6.12,-61.84907256703969
1407,2006-12-21,6.13,-61.68567387422924
1408,2006-12-28,6.18,-60.870013189074264
1409,2007-01-04,6.18,-60.870013189074264
1410,2007-01-11,6.21,-60.38457629587038
1411,2007-01-18,6.23,-60.06251510424397
1412,2007-01-25,6.25,-59.741487816924554
1413,2007-02-01,6.34,-58.301487816924556
1414,2007-02-08,6.28,-59.24786005667218
1415,2007-02-15,6.3,-58.92938871909257
1416,2007-02-22,6.22,-60.19922998893385
1417,2007-03-01,6.18,-60.842316805654114
1418,2007-03-08,6.14,-61.48956599659263
1419,2007-03-15,6.14,-61.48956599659263
1420,2007-03-22,6.16,-61.16383309756983
1421,2007-03-29,6.16,-61.16383309756983
1422,2007-04-05,6.17,-61.001495435232165
1423,2007-04-12,6.22,-60.1911226637573
1424,2007-04-19,6.17,-60.99498118465761
1425,2007-04-26,6.16,-61.157055738952586
1426,2007-05-03,6.16,-61.157055738952586
1427,2007-05-10,6.15,-61.31939340129025
1428,2007-05-17,6.21,-60.34378364519269
1429,2007-05-24,6.37,-57.7672941121814
1430,2007-05-31,6.42,-56.98236475582348
1431,2007-06-07,6.53,-55.268969117194196
1432,2007-06-14,6.74,-52.053042624085464
1433,2007-06-21,6.69,-52.794882386696734
1434,2007-06-28,6.67,-53.0938360488791
1435,2007-07-05,6.63,-53.69353619880414
1436,2007-07-12,6.73,-52.18524057286144
1437,2007-07-19,6.73,-52.18524057286144
1438,2007-07-26,6.69,-52.779594213277484
1439,2007-08-02,6.68,-52.92907104436867
1440,2007-08-09,6.59,-54.27637643359022
1441,2007-08-16,6.62,-53.82114122873438
1442,2007-08-23,6.52,-55.33171524686128
1443,2007-08-30,6.45,-56.405334878763114
1444,2007-09-06,6.46,-56.2502961190732
1445,2007-09-13,6.31,-58.57227754322181
1446,2007-09-20,6.34,-58.09684172705698
1447,2007-09-27,6.42,-56.835012074060145
1448,2007-10-04,6.37,-57.613828273437086
1449,2007-10-11,6.4,-57.14287065962232
1450,2007-10-18,6.4,-57.14287065962232
1451,2007-10-25,6.33,-58.236620659622325
1452,2007-11-01,6.26,-59.34246584129689
1453,2007-11-08,6.24,-59.66195465918826
1454,2007-11-15,6.24,-59.66195465918826
1455,2007-11-21,6.2,-60.3029803002139
1456,2007-11-29,6.1,-61.915883526020366
1457,2007-12-06,5.96,-64.21096549323347
1458,2007-12-13,6.11,-61.69418696974353
1459,2007-12-20,6.14,-61.20318860640476
1460,2007-12-27,6.17,-60.71458925787056
1461,2008-01-03,6.07,-62.33533480082031
1462,2008-01-10,5.87,-65.63022771680055
1463,2008-01-17,5.69,-68.69666723979884
1464,2008-01-24,5.48,-72.38735265280411
1465,2008-01-31,5.68,-68.73771761630778
1466,2008-02-07,5.67,-68.91377395433594
1467,2008-02-14,5.72,-68.0319397391684
1468,2008-02-21,6.04,-62.437534144762786
1469,2008-02-28,6.24,-59.12627586661709
1470,2008-03-06,6.03,-62.491660482001706
1471,2008-03-13,6.13,-60.83328568929856
1472,2008-03-20,5.87,-65.07472125210444
1473,2008-03-27,5.85,-65.41543675465982
1474,2008-04-03,5.88,-64.90261624183931
1475,2008-04-10,5.88,-64.90261624183931
1476,2008-04-17,5.88,-64.90261624183931
1477,2008-04-24,6.03,-62.35159583367605
1478,2008-05-01,6.06,-61.85408339586512
1479,2008-05-08,6.05,-62.01909989751528
1480,2008-05-15,6.01,-62.68025692230867
1481,2008-05-22,5.98,-63.17942497555325
1482,2008-05-29,6.08,-61.50718417287767
1483,2008-06-05,6.09,-61.34271048866714
1484,2008-06-12,6.32,-57.56602740163922
1485,2008-06-19,6.42,-55.983748920626574
1486,2008-06-26,6.45,-55.5164592010004
1487,2008-07-03,6.35,-57.06684679789963
1488,2008-07-10,6.37,-56.75188616797836
1489,2008-07-17,6.26,-58.478730751965806
1490,2008-07-24,6.63,-52.56818762097539
1491,2008-07-31,6.52,-54.22731280951235
1492,2008-08-07,6.52,-54.22731280951235
1493,2008-08-14,6.52,-54.22731280951235
1494,2008-08-21,6.47,-54.99418397515652
1495,2008-08-28,6.4,-56.07610051302358
1496,2008-09-04,6.35,-56.8573505130236
1497,2008-09-11,5.93,-63.47152374137005
1498,2008-09-18,5.78,-66.0010347025842
1499,2008-09-25,6.09,-60.63771290327627
1500,2008-10-02,6.1,-60.473509290796805
1501,2008-10-09,5.94,-63.096460110468925
1502,2008-10-16,6.46,-54.34225135626019
1503,2008-10-23,6.04,-60.843799343876285
1504,2008-10-30,6.46,-53.89015695977032
1505,2008-11-06,6.2,-57.91492476162791
1506,2008-11-13,6.14,-58.88266669711179
1507,2008-11-20,6.04,-60.51133119222578
1508,2008-11-26,5.97,-61.67027158957678
1509,2008-12-04,5.53,-69.04045584418314
1510,2008-12-11,5.47,-70.12544680259184
1511,2008-12-18,5.19,-75.24427678431029
1512,2008-12-24,5.14,-76.20766792111183
1513,2008-12-31,5.1,-76.98587803784335
1514,2009-01-08,5.01,-78.75058392019628
1515,2009-01-15,4.96,-79.74858791221224
1516,2009-01-22,5.12,-76.52278146059935
1517,2009-01-29,5.1,-76.91340646059936
1518,2009-02-05,5.25,-73.97222999001112
1519,2009-02-12,5.16,-75.68651570429682
1520,2009-02-19,5.04,-78.01209709964567
1521,2009-02-26,5.07,-77.41685900440758
1522,2009-03-05,5.15,-75.8389497341906
1523,2009-03-12,5.03,-78.16904682156925
1524,2009-03-19,4.98,-79.16308260685753
1525,2009-03-26,4.85,-81.77352437392581
1526,2009-04-02,4.78,-83.21682334299796
1527,2009-04-09,4.87,-81.33397815471344
1528,2009-04-16,4.82,-82.36067219988797
1529,2009-04-23,4.8,-82.77560995922408
1530,2009-04-30,4.78,-83.19227662589074
1531,2009-05-07,4.84,-81.93704650036774
1532,2009-05-14,4.86,-81.52382335987187
1533,2009-05-21,4.82,-82.34686862736157
1534,2009-05-28,4.91,-80.47964871034912
1535,2009-06-04,5.29,-72.74034117470758
1536,2009-06-11,5.59,-67.0692636699817
1537,2009-06-18,5.38,-70.8259720778529
1538,2009-06-25,5.42,-70.08247765406107
1539,2009-07-02,5.32,-71.92749610424556
1540,2009-07-09,5.2,-74.18313520198993
1541,2009-07-16,5.14,-75.33698135583609
1542,2009-07-23,5.2,-74.16966618073879
1543,2009-07-30,5.25,-73.20812771920033
1544,2009-08-06,5.22,-73.77955629062892
1545,2009-08-13,5.29,-72.43856012204652
1546,2009-08-20,5.12,-75.65217070805787
1547,2009-08-27,5.14,-75.26154570805787
1548,2009-09-03,5.08,-76.42886088315514
1549,2009-09-10,5.07,-76.62571127685592
1550,2009-09-17,5.04,-77.21742725318728
1551,2009-09-24,5.04,-77.21742725318728
1552,2009-10-01,4.94,-79.20155423731426
1553,2009-10-08,4.87,-80.61855828589727
1554,2009-10-15,4.92,-79.59186424072274
1555,2009-10-22,5.0,-77.96584798056013
1556,2009-10-29,5.03,-77.36584798056013
1557,2009-11-05,4.98,-78.35988376584841
1558,2009-11-12,4.91,-79.76550625580825
1559,2009-11-19,4.83,-81.39483415804858
1560,2009-11-25,4.78,-82.43003084541918
1561,2009-12-03,4.71,-83.8944659918627
1562,2009-12-10,4.81,-81.77132374133191
1563,2009-12-17,4.94,-79.06862103862919
1564,2009-12-24,5.05,-76.84190039085591
1565,2009-12-31,5.14,-75.05972217303413
1566,2010-01-07,5.09,-76.03248481894852
1567,2010-01-14,5.06,-76.62187578162043
1568,2010-01-21,4.99,-78.00527499110659
1569,2010-01-28,4.98,-78.2056757927098
1570,2010-02-04,5.01,-77.60326615415559
1571,2010-02-11,4.97,-78.40166934776836
1572,2010-02-18,4.93,-79.20649832161142
1573,2010-02-25,5.05,-76.77242124250392
1574,2010-03-04,4.97,-78.35657965834551
1575,2010-03-11,4.95,-78.75899414526702
1576,2010-03-18,4.96,-78.55697394324682
1577,2010-03-25,4.99,-77.9521352335694
1578,2010-04-01,5.08,-76.14852801914054
1579,2010-04-08,5.21,-73.5894729010303
1580,2010-04-15,5.07,-76.27661301619345
1581,2010-04-22,5.07,-76.27661301619345
1582,2010-04-29,5.06,-76.47385167497059
1583,2010-05-06,5.0,-77.65962242595873
1584,2010-05-13,4.93,-79.05962242595874
1585,2010-05-20,4.84,-80.88518023528935
1586,2010-05-27,4.78,-82.12484965677696
1587,2010-06-03,4.79,-81.91564463585647
1588,2010-06-10,4.72,-83.37702250642015
1589,2010-06-17,4.75,-82.74142928608116
1590,2010-06-24,4.69,-84.00458718081799
1591,2010-07-01,4.58,-86.3500029590696
1592,2010-07-08,4.57,-86.56834357042331
1593,2010-07-15,4.57,-86.56834357042331
1594,2010-07-22,4.56,-86.7871619511673
1595,2010-07-29,4.54,-87.22575844239536
1596,2010-08-05,4.49,-88.32708002829844
1597,2010-08-12,4.44,-89.44066577440088
1598,2010-08-19,4.42,-89.89111622485134
1599,2010-08-26,4.36,-91.24858228819976
1600,2010-09-02,4.32,-92.16601348086031
1601,2010-09-09,4.35,-91.4715690364159
1602,2010-09-16,4.37,-91.01179892147336
1603,2010-09-23,4.37,-91.01179892147336
1604,2010-09-30,4.32,-92.15596368119876
1605,2010-10-07,4.27,-93.31337108860619
1606,2010-10-14,4.19,-95.18690738837198
1607,2010-10-21,4.21,-94.70958041939824
1608,2010-10-28,4.23,-94.23452103697544
1609,2010-11-04,4.24,-93.9981144175901
1610,2010-11-11,4.17,-95.64905781381653
1611,2010-11-18,4.39,-90.37327843731774
1612,2010-11-24,4.4,-90.1454880045159
1613,2010-12-02,4.46,-88.78185164087955
1614,2010-12-09,4.61,-85.41862294132798
1615,2010-12-16,4.83,-80.64638866800911
1616,2010-12-23,4.81,-81.06046734295735
1617,2010-12-30,4.86,-80.02096630345629
1618,2011-01-06,4.77,-81.87281815530817
1619,2011-01-13,4.71,-83.13067979052828
1620,2011-01-20,4.74,-82.49373711536904
1621,2011-01-27,4.8,-81.22791433055893
1622,2011-02-03,4.81,-81.0195809972256
1623,2011-02-10,5.05,-76.02997600762062
1624,2011-02-17,5.0,-77.0200750175216
1625,2011-02-24,4.95,-78.0200750175216
1626,2011-03-03,4.87,-79.63623663368323
1627,2011-03-10,4.88,-79.43089782464833
1628,2011-03-17,4.76,-81.88991421809095
1629,2011-03-24,4.81,-80.83949405002373
1630,2011-03-31,4.86,-79.79999301052267
1631,2011-04-07,4.87,-79.59423169365024
1632,2011-04-14,4.91,-78.77287645751062
1633,2011-04-21,4.8,-81.01320232309106
1634,2011-04-28,4.78,-81.42986898975772
1635,2011-05-05,4.71,-82.89430413620124
1636,2011-05-12,4.63,-84.59281793662586
1637,2011-05-19,4.61,-85.02478337939043
1638,2011-05-26,4.6,-85.24170311908676
1639,2011-06-02,4.55,-86.32865964082589
1640,2011-06-09,4.49,-87.6473409595072
1641,2011-06-16,4.5,-87.42462381028672
1642,2011-06-23,4.5,-87.42462381028672
1643,2011-06-30,4.51,-87.2024015880645
1644,2011-07-07,4.6,-85.20683617786494
1645,2011-07-14,4.51,-87.16335791699538
1646,2011-07-21,4.52,-86.94162842697321
1647,2011-07-28,4.55,-86.27791161281392
1648,2011-08-04,4.39,-89.79439512929744
1649,2011-08-11,4.32,-91.38892815891019
1650,2011-08-18,4.15,-95.32411334409538
1651,2011-08-25,4.22,-93.63736635614359
1652,2011-09-01,4.22,-93.63736635614359
1653,2011-09-08,4.12,-96.00703460258907
1654,2011-09-15,4.09,-96.73518994239491
1655,2011-09-22,4.09,-96.73518994239491
1656,2011-09-29,4.01,-98.69118016244381
1657,2011-10-06,3.94,-100.43681607266825
1658,2011-10-13,4.12,-95.86828815388652
1659,2011-10-20,4.11,-96.11100660048847
1660,2011-10-27,4.1,-96.35431560292157
1661,2011-11-03,4.0,-98.79333999316546
1662,2011-11-10,3.99,-99.04333999316546
1663,2011-11-17,4.0,-98.79271342674943
1664,2011-11-23,3.98,-99.29271342674943
1665,2011-12-01,4.0,-98.79020086393537
1666,2011-12-08,3.99,-99.04020086393537
1667,2011-12-15,3.94,-100.29333369601558
1668,2011-12-22,3.91,-101.05475501581253
1669,2011-12-29,3.95,-100.03173711299924
1670,2012-01-05,3.91,-101.04439534084734
1671,2012-01-12,3.89,-101.555904292254
1672,2012-01-19,3.88,-101.81297370099436
1673,2012-01-26,3.98,-99.23565411336548
1674,2012-02-02,3.87,-101.99947320884287
1675,2012-02-09,3.87,-101.99947320884287
1676,2012-02-16,3.87,-101.99947320884287
1677,2012-02-23,3.95,-99.93228974631057
1678,2012-03-01,3.9,-101.1981125311207
1679,2012-03-08,3.88,-101.71093304394121
1680,2012-03-15,3.92,-100.68000520888967
1681,2012-03-22,4.08,-96.59837255582843
1682,2012-03-29,3.99,-98.80425490876961
1683,2012-04-05,3.98,-99.05488147518565
1684,2012-04-12,3.88,-101.567444289256
1685,2012-04-19,3.9,-101.05198037173022
1686,2012-04-26,3.88,-101.56480088455073
1687,2012-05-03,3.84,-102.59572871960228
1688,2012-05-10,3.83,-102.85614538626893
1689,2012-05-17,3.79,-103.90053180924544
1690,2012-05-24,3.78,-104.1643840519895
1691,2012-05-31,3.75,-104.9580348456403
1692,2012-06-07,3.67,-107.09136817897362
1693,2012-06-14,3.71,-106.00144992284284
1694,2012-06-21,3.66,-107.34915881772153
1695,2012-06-28,3.66,-107.34915881772153
1696,2012-07-05,3.62,-108.44205499258491
1697,2012-07-12,3.56,-110.09951355612083
1698,2012-07-19,3.53,-110.94221018533432
1699,2012-07-26,3.49,-112.07535466125499
1700,2012-08-02,3.55,-110.3561569535186
1701,2012-08-09,3.59,-109.22939639013833
1702,2012-08-16,3.62,-108.39374179403805
1703,2012-08-23,3.66,-107.28876941834744
1704,2012-08-30,3.59,-109.20133772435838
1705,2012-09-06,3.55,-110.3155438524921
1706,2012-09-13,3.55,-110.3155438524921
1707,2012-09-20,3.49,-112.0056846975625
1708,2012-09-27,3.4,-114.58448125916709
1709,2012-10-04,3.36,-115.76095184740238
1710,2012-10-11,3.39,-114.86809470454524
1711,2012-10-18,3.37,-115.45806520602017
1712,2012-10-25,3.41,-114.27112158584212
1713,2012-11-01,3.39,-114.85763184977174
1714,2012-11-08,3.4,-114.56264659903428
1715,2012-11-15,3.34,-116.32735248138722
1716,2012-11-21,3.31,-117.22555607420159
1717,2012-11-29,3.32,-116.92344127057623
1718,2012-12-06,3.34,-116.32103163202201
1719,2012-12-13,3.32,-116.9198340272316
1720,2012-12-20,3.37,-115.41380993084604
1721,2012-12-27,3.35,-116.00728174093506
1722,2013-01-03,3.34,-116.30578920362163
1723,2013-01-10,3.4,-114.50938201799288
1724,2013-01-17,3.38,-115.09761731211051
1725,2013-01-24,3.42,-113.91418535944779
1726,2013-01-31,3.53,-110.69781109044193
1727,2013-02-07,3.53,-110.69781109044193
1728,2013-02-14,3.53,-110.69781109044193
1729,2013-02-21,3.56,-109.84795273350142
1730,2013-02-28,3.51,-111.25244711552389
1731,2013-03-07,3.52,-110.9675468306236
1732,2013-03-14,3.63,-107.8425468306236
1733,2013-03-21,3.54,-110.3218856735988
1734,2013-03-28,3.57,-109.47442804648016
1735,2013-04-04,3.54,-110.31476418093393
1736,2013-04-11,3.43,-113.4221088137023
1737,2013-04-18,3.41,-114.00519919271103
1738,2013-04-25,3.4,-114.29845432467586
1739,2013-05-02,3.35,-115.76904255996998
1740,2013-05-09,3.42,-113.67949032116401
1741,2013-05-16,3.51,-111.0479113737956
1742,2013-05-23,3.59,-108.76870909459332
1743,2013-05-30,3.81,-102.64057538985794
1744,2013-06-06,3.91,-100.01590347384744
1745,2013-06-13,3.98,-98.22562214392417
1746,2013-06-20,3.93,-99.48190355095934
1747,2013-06-27,4.46,-85.99589846190082
1748,2013-07-03,4.29,-89.80755765472594
1749,2013-07-11,4.51,-84.6793525265208
1750,2013-07-18,4.37,-87.78356538683121
1751,2013-07-25,4.31,-89.1565630985017
1752,2013-08-01,4.39,-87.30041460662234
1753,2013-08-08,4.4,-87.0726241738205
1754,2013-08-15,4.4,-87.0726241738205
1755,2013-08-22,4.58,-82.98171508291142
1756,2013-08-29,4.51,-84.51009936238741
1757,2013-09-05,4.57,-83.17972242225436
1758,2013-09-12,4.57,-83.17972242225436
1759,2013-09-19,4.5,-84.71145108746225
1760,2013-09-26,4.32,-88.71145108746224
1761,2013-10-03,4.22,-91.02626590227706
1762,2013-10-10,4.23,-90.7892990776325
1763,2013-10-17,4.28,-89.6072659807058
1764,2013-10-24,4.13,-93.11193887790208
1765,2013-10-31,4.1,-93.83833112971807
1766,2013-11-07,4.16,-92.37491649557172
1767,2013-11-14,4.35,-87.80760880326403
1768,2013-11-21,4.22,-90.79611455039047
1769,2013-11-27,4.29,-89.1373467778786
1770,2013-12-05,4.46,-85.17464281517465
1771,2013-12-12,4.42,-86.07150380172173
1772,2013-12-19,4.47,-84.94028208226473
1773,2013-12-26,4.48,-84.71656843573227
1774,2014-01-02,4.53,-83.60049700716085
1775,2014-01-09,4.51,-84.04199811091362
1776,2014-01-16,4.41,-86.25929301113534
1777,2014-01-23,4.39,-86.71280775036438
1778,2014-01-30,4.32,-88.30734077997712
1779,2014-02-06,4.23,-90.39067411331045
1780,2014-02-13,4.28,-89.20864101638375
1781,2014-02-20,4.33,-88.04041671731832
1782,2014-02-27,4.37,-87.11662918844995
1783,2014-03-06,4.28,-89.17612575595567
1784,2014-03-13,4.37,-87.07332201763792
1785,2014-03-20,4.32,-88.21748677736332
1786,2014-03-27,4.4,-86.36563492551146
1787,2014-04-03,4.41,-86.13836219823874
1788,2014-04-10,4.34,-87.72566378554033
1789,2014-04-17,4.27,-89.3385670113468
1790,2014-04-24,4.33,-87.93341478652243
1791,2014-05-01,4.29,-88.8572023153908
1792,2014-05-08,4.21,-90.72200418019266
1793,2014-05-15,4.2,-90.95953387140405
1794,2014-05-22,4.14,-92.38810529997549
1795,2014-05-29,4.12,-92.8711970874151
1796,2014-06-05,4.14,-92.38576019421122
1797,2014-06-12,4.2,-90.93648483189237
1798,2014-06-19,4.17,-91.6507705461781
1799,2014-06-26,4.14,-92.37019500660976
1800,2014-07-03,4.12,-92.85328679404937
1801,2014-07-10,4.15,-92.12513145424353
1802,2014-07-17,4.13,-92.60705916508692
1803,2014-07-24,4.13,-92.60705916508692
1804,2014-07-31,4.12,-92.84918991569224
1805,2014-08-07,4.14,-92.36375302248835
1806,2014-08-14,4.12,-92.84684480992796
1807,2014-08-21,4.1,-93.33228170313186
1808,2014-08-28,4.1,-93.33228170313186
1809,2014-09-04,4.1,-93.33228170313186
1810,2014-09-11,4.12,-92.84447682508308
1811,2014-09-18,4.23,-90.17457391246171
1812,2014-09-25,4.2,-90.88379377061774
1813,2014-10-02,4.19,-91.12188900871298
1814,2014-10-09,4.12,-92.7925334001211
1815,2014-10-16,3.97,-96.43331009915022
1816,2014-10-23,3.92,-97.69275594297893
1817,2014-10-30,3.98,-96.16214369808097
1818,2014-11-06,4.02,-95.15711857245284
1819,2014-11-13,4.01,-95.40587479135831
1820,2014-11-20,3.99,-95.90462790856529
1821,2014-11-26,3.97,-96.40588104139736
1822,2014-12-04,3.89,-98.42099439152331
1823,2014-12-11,3.93,-97.39271675656185
1824,2014-12-18,3.8,-100.70060479727434
1825,2014-12-24,3.83,-99.9111311130638
1826,2014-12-31,3.87,-98.8667446900873
1827,2015-01-08,3.73,-102.48431574951883
1828,2015-01-15,3.66,-104.360991352736
1829,2015-01-22,3.63,-105.18066348388355
1830,2015-01-29,3.66,-104.35421720289182
1831,2015-02-05,3.59,-106.26678550890276
1832,2015-02-12,3.69,-103.48127018856849
1833,2015-02-19,3.76,-101.58425121837878
1834,2015-02-26,3.8,-100.52042143114473
1835,2015-03-05,3.75,-101.83621090482893
1836,2015-03-12,3.86,-98.90287757149561
1837,2015-03-19,3.78,-100.97541643159924
1838,2015-03-26,3.69,-103.35636881255161
1839,2015-04-02,3.7,-103.08536610252449
1840,2015-04-09,3.66,-104.16644718360557
1841,2015-04-16,3.67,-103.89322313988973
1842,2015-04-23,3.65,-104.43818226795511
1843,2015-04-30,3.68,-103.61626445973593
1844,2015-05-07,3.8,-100.35539489451855
1845,2015-05-14,3.85,-99.03960542083433
1846,2015-05-21,3.84,-99.2993456805746
1847,2015-05-28,3.87,-98.5180956805746
1848,2015-06-04,3.87,-98.5180956805746
1849,2015-06-11,4.04,-94.12533082269347
1850,2015-06-18,4.0,-95.11542983259446
1851,2015-06-25,4.02,-94.61542983259447
1852,2015-07-02,4.08,-93.12289251916164
1853,2015-07-09,4.04,-94.10328467602437
1854,2015-07-16,4.09,-92.86566091364813
1855,2015-07-23,4.04,-94.08815480117869
1856,2015-07-30,3.98,-95.57330331603018
1857,2015-08-06,3.91,-97.33209728587941
1858,2015-08-13,3.94,-96.56483385876943
1859,2015-08-20,3.93,-96.81864096536842
1860,2015-08-27,3.84,-99.10871730124629
1861,2015-09-03,3.89,-97.80663396791294
1862,2015-09-10,3.9,-97.5495645591726
1863,2015-09-17,3.91,-97.29315430276233
1864,2015-09-24,3.86,-98.57192668127897
1865,2015-10-01,3.85,-98.83099403879191
1866,2015-10-08,3.76,-101.16865637645427
1867,2015-10-15,3.82,-99.5729116956032
1868,2015-10-22,3.79,-100.35825200973932
1869,2015-10-29,3.76,-101.14980873797151
1870,2015-11-05,3.87,-98.22427682307789
1871,2015-11-12,3.98,-95.38189956209598
1872,2015-11-19,3.97,-95.633155843503
1873,2015-11-25,3.95,-96.13693418103449
1874,2015-12-03,3.93,-96.64326329495854
1875,2015-12-10,3.95,-96.13435744254124
1876,2015-12-17,3.97,-95.62802832861719
1877,2015-12-24,3.96,-95.87991749738295
1878,2015-12-31,4.01,-94.61729123475669
1879,2016-01-07,3.97,-95.61479746917065
1880,2016-01-14,3.92,-96.87424331299937
1881,2016-01-21,3.81,-99.68036576197896
1882,2016-01-28,3.79,-100.20530014518107
1883,2016-02-04,3.72,-102.05226584438951
1884,2016-02-11,3.65,-103.93398627449704
1885,2016-02-18,3.65,-103.93398627449704
1886,2016-02-25,3.62,-104.75590408271621
1887,2016-03-03,3.64,-104.2034178948709
1888,2016-03-10,3.68,-103.1045167959698
1889,2016-03-17,3.73,-101.7458211437959
1890,2016-03-24,3.71,-102.28201417328651
1891,2016-03-31,3.71,-102.28201417328651
1892,2016-04-07,3.59,-105.51651552099541
1893,2016-04-14,3.58,-105.79506705302883
1894,2016-04-21,3.59,-105.51573744409028
1895,2016-04-28,3.66,-103.56587671985628
1896,2016-05-05,3.61,-104.93199693843553
1897,2016-05-12,3.57,-106.04003017943276
1898,2016-05-19,3.58,-105.75991813461484
1899,2016-05-26,3.64,-104.08394048098356
1900,2016-06-02,3.66,-103.53448993153302
1901,2016-06-09,3.6,-105.1738341938281
1902,2016-06-16,3.54,-106.84050086049477
1903,2016-06-23,3.56,-106.27552910908234
1904,2016-06-30,3.48,-108.5227201203183
1905,2016-07-07,3.41,-110.53421437319186
1906,2016-07-14,3.42,-110.24095924122705
1907,2016-07-21,3.45,-109.36376625877091
1908,2016-07-28,3.48,-108.49420104137961
1909,2016-08-04,3.43,-109.930982650575
1910,2016-08-11,3.45,-109.34789227156627
1911,2016-08-18,3.43,-109.9276024164938
1912,2016-08-25,3.43,-109.9276024164938
1913,2016-09-01,3.46,-109.0529668479807
1914,2016-09-08,3.44,-109.63100153006162
1915,2016-09-15,3.5,-107.88681548355
1916,2016-09-22,3.48,-108.45824405497856
1917,2016-09-29,3.42,-110.18238198601306
1918,2016-10-06,3.42,-110.18238198601306
1919,2016-10-13,3.47,-108.72039368191949
1920,2016-10-20,3.52,-107.27947149171776
1921,2016-10-27,3.47,-108.6999260371723
1922,2016-11-03,3.54,-106.6826349708899
1923,2016-11-10,3.57,-105.83517734377125
1924,2016-11-17,3.94,-95.47103168550794
1925,2016-11-23,4.03,-93.18676772611707
1926,2016-12-01,4.08,-91.94607293703518
1927,2016-12-08,4.13,-90.72058274095676
1928,2016-12-15,4.16,-89.99419048914076
1929,2016-12-22,4.3,-86.62880587375616
1930,2016-12-29,4.32,-86.16368959468639
1931,2017-01-05,4.2,-88.94146737246417
1932,2017-01-12,4.12,-90.84622927722609
1933,2017-01-19,4.09,-91.57438461703192
1934,2017-01-26,4.19,-89.12939684197077
1935,2017-02-02,4.19,-89.12939684197077
1936,2017-02-09,4.17,-89.60672381094453
1937,2017-02-16,4.15,-90.08634011789896
1938,2017-02-23,4.16,-89.84537626247729
1939,2017-03-02,4.1,-91.287683954785
1940,2017-03-09,4.21,-88.6047571255167
1941,2017-03-16,4.3,-86.46698990461408
1942,2017-03-23,4.23,-88.09489688135825
1943,2017-03-30,4.14,-90.22255645582635
1944,2017-04-06,4.1,-91.18874003070559
1945,2017-04-13,4.08,-91.67654490875435
1946,2017-04-20,3.97,-94.3726233401269
1947,2017-04-27,4.03,-92.86128832753245
1948,2017-05-04,4.02,-93.10942728534884
1949,2017-05-11,4.05,-92.36315862863242
1950,2017-05-18,4.02,-93.10389936937317
1951,2017-05-25,3.95,-94.84519290171146
1952,2017-06-01,3.94,-95.09835745867349
1953,2017-06-08,3.89,-96.36739299166841
1954,2017-06-15,3.91,-95.85325417418768
1955,2017-06-22,3.9,-96.10900864989101
1956,2017-06-29,3.88,-96.62182916271152
1957,2017-07-06,3.96,-94.55997349260844
1958,2017-07-13,4.03,-92.79229672493166
1959,2017-07-20,3.96,-94.5292694296463
1960,2017-07-27,3.92,-95.53937043974732
1961,2017-08-03,3.93,-95.28426839893098
1962,2017-08-10,3.9,-96.04762717755693
1963,2017-08-17,3.89,-96.30403743396718
1964,2017-08-24,3.86,-97.07524566018827
1965,2017-08-31,3.82,-98.11151509024009
1966,2017-09-07,3.78,-99.15863550908826
1967,2017-09-14,3.78,-99.15863550908826
1968,2017-09-21,3.83,-97.83588418633693
1969,2017-09-28,3.83,-97.83588418633693
1970,2017-10-05,3.85,-97.31369097484867
1971,2017-10-12,3.91,-95.75524941640711
1972,2017-10-19,3.88,-96.52251284351709
1973,2017-10-26,3.94,-94.97612109093978
1974,2017-11-02,3.94,-94.97612109093978
1975,2017-11-09,3.9,-95.99134951733572
1976,2017-11-16,3.95,-94.70929823528442
1977,2017-11-22,3.92,-95.46879190617051
1978,2017-11-30,3.9,-95.97899598780316
1979,2017-12-07,3.94,-94.95335496216214
1980,2017-12-14,3.93,-95.20716206876112
1981,2017-12-21,3.94,-94.95270914255248
1982,2017-12-28,3.99,-93.68367360955754
1983,2018-01-04,3.95,-94.68617987522171
1984,2018-01-11,3.99,-93.6735216473736
1985,2018-01-18,4.04,-92.4203888152934
1986,2018-01-25,4.15,-89.69761653806569
1987,2018-02-01,4.22,-88.0108695501139
1988,2018-02-08,4.32,-85.64120130366838
1989,2018-02-15,4.38,-84.2523124147795
1990,2018-02-22,4.4,-83.79569141021327
1991,2018-03-01,4.43,-83.11387322839511
1992,2018-03-08,4.46,-82.43667232546056
1993,2018-03-15,4.44,-82.8851028187341
1994,2018-03-22,4.45,-82.65987759350888
1995,2018-03-29,4.44,-82.88459669463248
1996,2018-04-05,4.4,-83.78549759553339
1997,2018-04-12,4.42,-83.33095214098795
1998,2018-04-19,4.47,-82.19973042153094
1999,2018-04-26,4.58,-79.7388803096741
2000,2018-05-03,4.55,-80.39390214373525
2001,2018-05-10,4.55,-80.39390214373525
2002,2018-05-17,4.61,-79.0752208250539
2003,2018-05-24,4.66,-77.99062212657233
2004,2018-05-31,4.56,-80.13654487335346
2005,2018-06-07,4.54,-80.57514136458151
2006,2018-06-14,4.62,-78.81302682713658
2007,2018-06-21,4.57,-79.89527790938766
2008,2018-06-28,4.55,-80.33291467087564
2009,2018-07-05,4.52,-80.99225533021631
2010,2018-07-12,4.53,-80.7710163921632
2011,2018-07-19,4.52,-80.9917669440396
2012,2018-07-26,4.54,-80.54928906793339
2013,2018-08-02,4.6,-79.2277031648497
2014,2018-08-09,4.59,-79.44509446919753
2015,2018-08-16,4.53,-80.75228401168118
2016,2018-08-23,4.51,-81.19378511543395
2017,2018-08-30,4.52,-80.97205562541178
2018,2018-09-06,4.54,-80.52957774930557
2019,2018-09-13,4.6,-79.20799184622189
2020,2018-09-20,4.65,-78.12103532448275
2021,2018-09-27,4.72,-76.61565898039674
2022,2018-10-04,4.71,-76.8275233871764
2023,2018-10-11,4.9,-72.79355311116791
2024,2018-10-18,4.85,-73.81396127443323
2025,2018-10-25,4.86,-73.60777570742289
2026,2018-11-01,4.83,-74.22505965804018
2027,2018-11-08,4.94,-71.94762694582487
2028,2018-11-15,4.94,-71.94762694582487
2029,2018-11-21,4.81,-74.5792058931933
2030,2018-11-29,4.81,-74.5792058931933
2031,2018-12-06,4.75,-75.82660714059455
2032,2018-12-13,4.63,-78.35292293006823
2033,2018-12-20,4.62,-78.5689056514505
2034,2018-12-27,4.55,-80.08405716660204
2035,2019-01-03,4.51,-80.96317804572291
2036,2019-01-10,4.45,-82.29355498585593
2037,2019-01-17,4.45,-82.29355498585593
2038,2019-01-24,4.45,-82.29355498585593
2039,2019-01-31,4.46,-82.06883588473235
2040,2019-02-07,4.41,-83.1899121179162
2041,2019-02-14,4.37,-84.09694159637425
2042,2019-02-21,4.35,-84.55460750026442
2043,2019-02-28,4.35,-84.55460750026442
2044,2019-03-07,4.41,-83.17529715543684
2045,2019-03-14,4.31,-85.44287085158197
2046,2019-03-21,4.28,-86.13892653603672
2047,2019-03-28,4.06,-91.27911345192459
2048,2019-04-04,4.08,-90.78650261448615
2049,2019-04-11,4.12,-89.80611045762342
2050,2019-04-18,4.17,-88.59251822461373
2051,2019-04-25,4.2,-87.87309376418207
2052,2019-05-02,4.14,-89.30166519275352
2053,2019-05-09,4.1,-90.26784876763276
2054,2019-05-16,4.07,-90.99955608470592
2055,2019-05-23,4.06,-91.24525633040618
2056,2019-05-30,3.99,-92.96939426144064
2057,2019-06-06,3.82,-97.23004589051332
2058,2019-06-13,3.82,-97.23004589051332
2059,2019-06-20,3.84,-96.70648568108925
2060,2019-06-27,3.73,-99.57106901442258
2061,2019-07-03,3.75,-99.03487598493196
2062,2019-07-11,3.75,-99.03487598493196
2063,2019-07-18,3.81,-97.43487598493195
2064,2019-07-25,3.75,-99.00967913453825
2065,2019-08-01,3.75,-99.00967913453825
2066,2019-08-08,3.6,-103.00967913453823
2067,2019-08-15,3.6,-103.00967913453823
2068,2019-08-22,3.55,-104.39856802342713
2069,2019-08-29,3.58,-103.55349760089192
2070,2019-09-05,3.49,-106.06746408133884
2071,2019-09-12,3.56,-104.06173342231305
2072,2019-09-19,3.73,-99.28645252343665
2073,2019-09-26,3.64,-101.69932115614442
2074,2019-10-03,3.65,-101.42459588141915
2075,2019-10-10,3.57,-103.61637670333697
2076,2019-10-17,3.69,-100.25503216552183
2077,2019-10-24,3.75,-98.62901590535921
2078,2019-10-31,3.78,-97.82901590535921
2079,2019-11-07,3.69,-100.20996828631158
2080,2019-11-14,3.75,-98.58395202614896
2081,2019-11-21,3.66,-100.98395202614896
2082,2019-11-27,3.68,-100.43750393871726
2083,2019-12-05,3.68,-100.43750393871726
2084,2019-12-12,3.73,-99.07880828654335
2085,2019-12-19,3.73,-99.07880828654335
2086,2019-12-26,3.74,-98.81071177179804
2087,2020-01-02,3.72,-99.3454711300868
2088,2020-01-09,3.64,-101.4960087644954
2089,2020-01-16,3.65,-101.22128348977013
2090,2020-01-23,3.6,-102.59114650346875
2091,2020-01-30,3.51,-105.09114650346876
2092,2020-02-06,3.45,-106.80054821287047
2093,2020-02-13,3.47,-106.22083806794292
2094,2020-02-20,3.49,-105.64446919186221
2095,2020-02-27,3.45,-106.79060099701981
2096,2020-03-05,3.29,-111.4282821564401
2097,2020-03-12,3.36,-109.30062258197202
2098,2020-03-19,3.65,-100.66967020101964
2099,2020-03-26,3.5,-104.77925924211553
2100,2020-04-02,3.33,-109.63640209925839
2101,2020-04-09,3.33,-109.63640209925839
2102,2020-04-16,3.31,-110.23700269985899
2103,2020-04-23,3.33,-109.63277309260825
2104,2020-04-30,3.23,-112.63577609561125
2105,2020-05-07,3.26,-111.70698352595181
2106,2020-05-14,3.28,-111.09348659343648
2107,2020-05-21,3.24,-112.31299878855842
2108,2020-05-28,3.15,-115.0907765663362
2109,2020-06-04,3.18,-114.13839561395523
2110,2020-06-11,3.21,-113.19499938754014
2111,2020-06-18,3.13,-115.68721122554636
2112,2020-06-25,3.13,-115.68721122554636
2113,2020-07-02,3.07,-117.6041441328946
2114,2020-07-09,3.03,-118.9070757289858
2115,2020-07-16,2.98,-120.55724074548745
2116,2020-07-23,3.01,-119.55052933609149
2117,2020-07-30,2.99,-120.21498116333399
2118,2020-08-06,2.88,-123.89391092922028
2119,2020-08-13,2.96,-121.1161331514425
2120,2020-08-20,2.99,-120.10261963792897
2121,2020-08-27,2.91,-122.77820492220991
2122,2020-09-03,2.93,-122.09091969884221
2123,2020-09-10,2.86,-124.47999819713574
2124,2020-09-17,2.87,-124.13034784748538
2125,2020-09-24,2.9,-123.08505168023801
2126,2020-10-01,2.88,-123.7747068526518
2127,2020-10-08,2.87,-124.12192907487402
2128,2020-10-15,2.81,-126.21252140936879
2129,2020-10-22,2.8,-126.5683932954898
2130,2020-10-29,2.81,-126.21125043834694
2131,2020-11-05,2.78,-127.27886609670993
2132,2020-11-12,2.84,-125.12059271541496
2133,2020-11-19,2.72,-129.345944828091
2134,2020-11-25,2.72,-129.345944828091
2135,2020-12-03,2.71,-129.71359188691454
2136,2020-12-10,2.71,-129.71359188691454
2137,2020-12-17,2.67,-131.18960664706213
2138,2020-12-24,2.66,-131.5641384822681
2139,2020-12-31,2.67,-131.18819863264406
2140,2021-01-07,2.65,-131.93726230305606
2141,2021-01-14,2.79,-126.65424343513153
2142,2021-01-21,2.77,-127.37108931326773
2143,2021-01-28,2.73,-128.81513263456736
2144,2021-02-04,2.73,-128.81513263456736
2145,2021-02-11,2.73,-128.81513263456736
2146,2021-02-18,2.81,-125.88472970416441
2147,2021-02-25,2.97,-120.19077952622847
2148,2021-03-04,3.02,-118.50727784272678
2149,2021-03-11,3.05,-117.51390035928307
2150,2021-03-18,3.09,-116.20242494944699
2151,2021-03-25,3.17,-113.61342818569295
2152,2021-04-01,3.18,-113.29797077244375
2153,2021-04-08,3.13,-114.87029781646892
2154,2021-04-15,3.04,-117.74569717749128
2155,2021-04-22,2.97,-120.04832875643865
2156,2021-04-29,2.98,-119.71162841973833
2157,2021-05-06,2.96,-120.38276935933564
2158,2021-05-13,2.94,-121.05844503501132
2159,2021-05-20,3.0,-119.0176287084807
2160,2021-05-27,2.95,-120.68429537514736
2161,2021-06-03,2.99,-119.32836317175753
2162,2021-06-10,2.96,-120.3317076533629
2163,2021-06-17,2.93,-121.3452211668764
2164,2021-06-24,3.02,-118.2735488119276
2165,2021-07-01,2.98,-119.59805212318587
2166,2021-07-08,2.9,-122.28261588157514
2167,2021-07-15,2.88,-122.97227105398893
2168,2021-07-22,2.78,-126.44449327621115
2169,2021-07-29,2.8,-125.7250688157795
2170,2021-08-05,2.77,-126.79649738720806
2171,2021-08-12,2.87,-123.18638908395896
2172,2021-08-19,2.86,-123.5348211397081
2173,2021-08-26,2.87,-123.18517079005774
2174,2021-09-02,2.87,-123.18517079005774
2175,2021-09-09,2.88,-122.83673873430861
2176,2021-09-16,2.86,-123.53118317875305
2177,2021-09-23,2.88,-122.83188247945235
2178,2021-09-30,3.01,-118.31799359056346
2179,2021-10-07,2.99,-118.98244541780596
2180,2021-10-14,3.05,-116.97575645459528
2181,2021-10-21,3.09,-115.6642810447592
2182,2021-10-28,3.14,-114.04615806741292
2183,2021-11-04,3.09,-115.63851475531102
2184,2021-11-10,2.98,-119.19838530547283
2185,2021-11-18,3.1,-115.17153966788894
2186,2021-11-24,3.1,-115.17153966788894
2187,2021-12-02,3.11,-114.84895902272766
2188,2021-12-09,3.1,-115.17050243108778
2189,2021-12-16,3.12,-114.5253411407652
2190,2021-12-23,3.05,-116.76893088435496
2191,2021-12-30,3.11,-114.80171776960086
2192,2022-01-06,3.22,-111.26474027763943
2193,2022-01-13,3.45,-104.1218831347823
2194,2022-01-20,3.56,-100.93347733768084
2195,2022-01-27,3.55,-101.21437621408535
2196,2022-02-03,3.55,-101.21437621408535
2197,2022-02-10,3.69,-97.27071424225437
2198,2022-02-17,3.92,-91.03765191163106
2199,2022-02-24,3.89,-91.80295803408004
2200,2022-03-03,3.76,-95.14486034770472
2201,2022-03-10,3.85,-92.75124332642811
2202,2022-03-17,4.16,-84.69929527448006
2203,2022-03-24,4.42,-78.44929527448006
2204,2022-03-31,4.67,-72.793186677195
2205,2022-04-07,4.72,-71.72252286563184
2206,2022-04-14,5.0,-65.79031947580133
2207,2022-04-21,5.11,-63.59031947580132
2208,2022-04-28,5.1,-63.786014192044
2209,2022-05-05,5.27,-60.45268085871068
2210,2022-05-12,5.3,-59.88342089666133
2211,2022-05-19,5.25,-60.826817123076424
2212,2022-05-26,5.1,-63.68395998021929
2213,2022-06-02,5.09,-63.88003841159184
2214,2022-06-09,5.23,-61.12954725245627
2215,2022-06-16,5.78,-50.61329486239892
2216,2022-06-23,5.81,-50.09426372053041
2217,2022-06-30,5.7,-51.98755115598651
2218,2022-07-07,5.3,-59.005095015635646
2219,2022-07-14,5.51,-55.04283086469224
2220,2022-07-21,5.54,-54.49836625489186
2221,2022-07-28,5.3,-58.830496218790785
2222,2022-08-04,4.99,-64.67955282256436
2223,2022-08-11,5.22,-60.07033438569062
2224,2022-08-18,5.13,-61.7944723167251
2225,2022-08-25,5.55,-53.60733781380114
2226,2022-09-01,5.66,-51.62535583181916
2227,2022-09-08,5.89,-47.561751591536485
2228,2022-09-15,6.02,-45.354620861485564
2229,2022-09-22,6.29,-40.86957102759852
2230,2022-09-29,6.7,-34.35128803872729
2231,2022-10-06,6.66,-34.94830296410042
2232,2022-10-13,6.92,-31.044399060196525
2233,2022-10-20,6.94,-30.75538171915605
2234,2022-10-27,7.08,-28.738090652873638
2235,2022-11-03,6.95,-30.574248844964035
2236,2022-11-10,7.08,-28.703745247841727
2237,2022-11-17,6.61,-35.34216332693777
2238,2022-11-23,6.58,-35.796021118163196
2239,2022-12-01,6.49,-37.16380227317839
2240,2022-12-08,6.33,-39.62913355206899
2241,2022-12-15,6.31,-39.945089318261736
2242,2022-12-22,6.27,-40.57900373981483
2243,2022-12-29,6.42,-38.18665924220717
2244,2023-01-05,6.48,-37.252079802954825
2245,2023-01-12,6.33,-39.56689461776965
2246,2023-01-19,6.15,-42.41049651350424
2247,2023-01-26,6.13,-42.735699765536765
2248,2023-02-02,6.09,-43.38822831366074
2249,2023-02-09,6.12,-42.895617476222306
2250,2023-02-16,6.32,-39.627643620013146
2251,2023-02-23,6.5,-36.77954235419037
2252,2023-03-02,6.65,-34.47185004649805
2253,2023-03-09,6.73,-33.26884252770107
2254,2023-03-16,6.6,-35.20049185905324
2255,2023-03-23,6.42,-37.92776458632596
2256,2023-03-30,6.32,-39.48539698507984
2257,2023-04-06,6.28,-40.11830837748491
2258,2023-04-13,6.27,-40.27754404627472
2259,2023-04-20,6.39,-38.363668448188584
2260,2023-04-27,6.43,-37.737690357421755
2261,2023-05-04,6.39,-38.35977433875924
2262,2023-05-11,6.35,-38.98575242952606
2263,2023-05-18,6.39,-38.35583116968355
2264,2023-05-25,6.57,-35.53892976123282
2265,2023-06-01,6.79,-32.190375727747295
2266,2023-06-08,6.71,-33.3685789678062
2267,2023-06-15,6.69,-33.66664156095076
2268,2023-06-22,6.67,-33.96559522313312
2269,2023-06-29,6.71,-33.365895073208094
2270,2023-07-06,6.81,-31.8755821074853
2271,2023-07-13,6.96,-29.672938935679138
2272,2023-07-20,6.78,-32.259145832230864
2273,2023-07-27,6.81,-31.81666795612468
2274,2023-08-03,6.9,-30.495082053040967
2275,2023-08-10,6.96,-29.62551683564967
2276,2023-08-17,7.09,-27.757700743695658
2277,2023-08-24,7.23,-25.783088613935412
2278,2023-08-31,7.18,-26.474651546162253
2279,2023-09-07,7.12,-27.31030614226253
2280,2023-09-14,7.18,-26.467609513049048
2281,2023-09-21,7.19,-26.328333747032314
2282,2023-09-28,7.31,-24.65934904605875
2283,2023-10-05,7.49,-22.19696874510115
2284,2023-10-12,7.57,-21.1288779573842
2285,2023-10-19,7.63,-20.336275579577062
2286,2023-10-26,7.79,-18.23928999635295
2287,2023-11-02,7.76,-18.62439911060199
2288,2023-11-09,7.5,-21.974914574519513
2289,2023-11-16,7.44,-22.774914574519503
2290,2023-11-22,7.29,-24.791043606777578
2291,2023-11-30,7.22,-25.75126308551558
2292,2023-12-07,7.03,-28.382842032883996
2293,2023-12-14,6.95,-29.52082211823251
2294,2023-12-21,6.67,-33.54959909664978
2295,2023-12-28,6.61,-34.44914932153733
